account_id,statement_month,salary_credit_date,expected_salary_date,salary_credit_delay_days,salary_credit_amount,total_monthly_inflow,total_monthly_outflow,month_end_balance,net_monthly_surplus,expense_to_income_ratio,emi_outflow_other_lenders,upi_transaction_count,large_unusual_debit_flag,days_balance_near_zero,business_upi_inflow,business_upi_inflow_trend,cash_deposit_frequency,cash_deposit_total,cash_deposit_trend,gst_turnover_declared,gst_turnover_trend,itr_filed_last_year,declared_annual_income,seasonal_business_flag
ACC_00001,2024-01-01,2024-01-01,2024-01-01,0.0,90000.0,92894,70152.47,67741.53,22741.53,0.755,0,22,False,0,,,,,,,,,,
ACC_00001,2024-02-01,2024-02-01,2024-02-01,0.0,90000.0,90583,74854.47,83470.06,15728.53,0.826,0,36,False,0,,,,,,,,,,
ACC_00001,2024-03-01,2024-03-01,2024-03-01,0.0,90000.0,94125,73146.47,104448.59,20978.53,0.777,0,37,False,0,,,,,,,,,,
ACC_00001,2024-04-01,2024-04-01,2024-04-01,0.0,90000.0,91079,74957.47,120570.12,16121.53,0.823,0,22,False,0,,,,,,,,,,
ACC_00001,2024-05-01,2024-05-01,2024-05-01,0.0,90000.0,91528,71190.47,140907.65,20337.53,0.778,0,27,False,0,,,,,,,,,,
ACC_00001,2024-06-01,2024-06-01,2024-06-01,0.0,90000.0,93756,70018.47,164645.18,23737.53,0.747,0,39,False,0,,,,,,,,,,
ACC_00001,2024-07-01,2024-07-01,2024-07-01,0.0,90000.0,93912,69698.47,188858.71,24213.53,0.742,0,40,False,0,,,,,,,,,,
ACC_00001,2024-08-01,2024-08-01,2024-08-01,0.0,90000.0,91347,74737.47,205468.24,16609.53,0.818,0,16,False,0,,,,,,,,,,
ACC_00001,2024-09-01,2024-09-01,2024-09-01,0.0,90000.0,91705,71892.47,225280.77,19812.53,0.784,0,21,False,0,,,,,,,,,,
ACC_00001,2024-10-01,2024-10-01,2024-10-01,0.0,90000.0,91577,69951.47,246906.3,21625.53,0.764,0,28,False,0,,,,,,,,,,
ACC_00001,2024-11-01,2024-11-01,2024-11-01,0.0,90000.0,93092,71433.47,268564.83,21658.53,0.767,0,32,False,0,,,,,,,,,,
ACC_00001,2024-12-01,2024-12-01,2024-12-01,0.0,90000.0,94309,73634.47,289239.36,20674.53,0.781,0,26,False,0,,,,,,,,,,
ACC_00002,2024-01-01,2024-01-01,2024-01-01,0.0,54000.0,54270,35447.85,45822.15,18822.15,0.653,0,34,False,0,,,,,,,,,,
ACC_00002,2024-02-01,2024-02-01,2024-02-01,0.0,54000.0,54060,34198.85,65683.3,19861.15,0.633,0,16,False,0,,,,,,,,,,
ACC_00002,2024-03-01,2024-03-01,2024-03-01,0.0,54000.0,54240,36238.85,83684.45000000001,18001.15,0.668,0,34,False,0,,,,,,,,,,
ACC_00002,2024-04-01,2024-04-01,2024-04-01,0.0,54000.0,54900,35289.85,103294.6,19610.15,0.643,0,35,False,0,,,,,,,,,,
ACC_00002,2024-05-01,2024-05-01,2024-05-01,0.0,54000.0,55492,34552.85,124233.75,20939.15,0.623,0,37,False,0,,,,,,,,,,
ACC_00002,2024-06-01,2024-06-01,2024-06-01,0.0,54000.0,56254,35259.85,145227.9,20994.15,0.627,0,27,False,0,,,,,,,,,,
ACC_00002,2024-07-01,2024-07-01,2024-07-01,0.0,54000.0,54465,35133.85,164559.05,19331.15,0.645,0,31,False,0,,,,,,,,,,
ACC_00002,2024-08-01,2024-08-01,2024-08-01,0.0,54000.0,54576,33922.85,185212.2,20653.15,0.622,0,33,False,0,,,,,,,,,,
ACC_00002,2024-09-01,2024-09-06,2024-09-01,5.0,54000.0,55826,34399.85,206638.35,21426.15,0.616,8070,28,False,0,,,,,,,,,,
ACC_00002,2024-10-01,2024-10-03,2024-10-01,2.0,54000.0,55298,33891.85,228044.5,21406.15,0.613,7780,16,False,0,,,,,,,,,,
ACC_00002,2024-11-01,2024-11-10,2024-11-01,9.0,53000.0,54775,35550.85,247268.65,19224.15,0.649,5218,11,False,1,,,,,,,,,,
ACC_00002,2024-12-01,2024-12-12,2024-12-01,11.0,52000.0,53117,34264.85,266120.8,18852.15,0.645,6807,12,False,1,,,,,,,,,,
ACC_00003,2024-01-01,,,,,57751,184133.02,0.0,-126382.02,3.188,1295,8,False,1,41731.0,Stable,2.0,15283.0,Declining,261000.0,Declining,True,749006.0,False
ACC_00003,2024-02-01,,,,,49960,187523.02,0.0,-137563.02,3.753,5075,11,False,7,40648.0,Stable,4.0,8334.0,Declining,197000.0,Declining,True,871391.0,False
ACC_00003,2024-03-01,,,,,48861,187054.02,0.0,-138193.02,3.828,3508,6,False,7,33401.0,Stable,5.0,15292.0,Declining,254000.0,Declining,True,847521.0,False
ACC_00003,2024-04-01,,,,,50566,186253.02,0.0,-135687.02,3.683,432,12,False,2,39876.0,Stable,6.0,8365.0,Declining,181000.0,Declining,True,681270.0,False
ACC_00003,2024-05-01,,,,,37433,185809.02,0.0,-148376.02,4.964,2751,14,False,2,29492.0,Declining,4.0,5414.0,Declining,175000.0,Declining,True,797149.0,True
ACC_00003,2024-06-01,,,,,42697,188388.02,0.0,-145691.02,4.412,3985,20,False,2,34272.0,Declining,6.0,7241.0,Declining,185000.0,Declining,False,934777.0,True
ACC_00003,2024-07-01,,,,,29445,184209.02,0.0,-154764.02,6.256,3041,10,False,10,25443.0,Declining,2.0,3727.0,Declining,127000.0,Declining,False,689251.0,True
ACC_00003,2024-08-01,,,,,29069,186662.02,0.0,-157593.02,6.421,2205,10,True,19,23685.0,Declining,2.0,4707.0,Declining,114000.0,Declining,False,794338.0,False
ACC_00003,2024-09-01,,,,,32520,187301.02,0.0,-154781.02,5.76,762,19,True,7,24237.0,Declining,1.0,6755.0,Declining,122000.0,Declining,False,832137.0,False
ACC_00003,2024-10-01,,,,,27965,185572.02,0.0,-157607.02,6.636,2092,15,False,14,24134.0,Declining,3.0,3141.0,Declining,112000.0,Declining,False,841317.0,True
ACC_00003,2024-11-01,,,,,26417,188905.02,0.0,-162488.02,7.151,496,7,False,18,18272.0,Declining,6.0,7716.0,Declining,110000.0,Declining,False,794992.0,False
ACC_00003,2024-12-01,,,,,24755,186706.02,0.0,-161951.02,7.542,2260,16,False,6,21116.0,Declining,1.0,3606.0,Declining,95000.0,Declining,False,686687.0,False
ACC_00004,2024-01-01,2024-01-01,2024-01-01,0.0,35000.0,36589,64261.88,0.0,-27672.88,1.756,0,38,False,0,,,,,,,,,,
ACC_00004,2024-02-01,2024-02-01,2024-02-01,0.0,35000.0,35607,62969.88,0.0,-27362.88,1.768,0,17,False,0,,,,,,,,,,
ACC_00004,2024-03-01,2024-03-01,2024-03-01,0.0,35000.0,36070,62799.88,0.0,-26729.88,1.741,0,40,False,0,,,,,,,,,,
ACC_00004,2024-04-01,2024-04-01,2024-04-01,0.0,35000.0,36555,63788.88,0.0,-27233.88,1.745,0,29,False,0,,,,,,,,,,
ACC_00004,2024-05-01,2024-05-01,2024-05-01,0.0,35000.0,36207,63192.88,0.0,-26985.88,1.745,0,23,False,0,,,,,,,,,,
ACC_00004,2024-06-01,2024-06-01,2024-06-01,0.0,35000.0,36197,62650.88,0.0,-26453.88,1.731,0,31,False,0,,,,,,,,,,
ACC_00004,2024-07-01,2024-07-01,2024-07-01,0.0,35000.0,36538,62028.88,0.0,-25490.88,1.698,0,36,False,0,,,,,,,,,,
ACC_00004,2024-08-01,2024-08-03,2024-08-01,2.0,35000.0,36705,63645.88,0.0,-26940.88,1.734,0,22,False,0,,,,,,,,,,
ACC_00004,2024-09-01,2024-09-06,2024-09-01,5.0,35000.0,35635,62118.88,0.0,-26483.88,1.743,4551,40,False,0,,,,,,,,,,
ACC_00004,2024-10-01,2024-10-03,2024-10-01,2.0,35000.0,36215,63610.88,0.0,-27395.88,1.756,845,28,False,0,,,,,,,,,,
ACC_00004,2024-11-01,2024-11-04,2024-11-01,3.0,34000.0,34950,64007.88,0.0,-29057.88,1.831,1120,8,False,5,,,,,,,,,,
ACC_00004,2024-12-01,2024-12-12,2024-12-01,11.0,34000.0,35649,64250.88,0.0,-28601.88,1.802,3113,7,False,1,,,,,,,,,,
ACC_00005,2024-01-01,,,,,25184,97075.22,0.0,-71891.22,3.855,572,7,False,6,18179.0,Stable,3.0,6913.0,Declining,116000.0,Declining,True,327258.0,False
ACC_00005,2024-02-01,,,,,21045,95898.22,0.0,-74853.22,4.557,1586,12,False,5,17878.0,Stable,2.0,2644.0,Declining,105000.0,Declining,True,296516.0,True
ACC_00005,2024-03-01,,,,,21226,95882.22,0.0,-74656.22,4.517,1935,7,False,4,14588.0,Stable,2.0,6088.0,Declining,102000.0,Declining,True,390019.0,False
ACC_00005,2024-04-01,,,,,23941,97034.22,0.0,-73093.22,4.053,1441,15,False,5,16451.0,Declining,7.0,6555.0,Declining,98000.0,Declining,True,385465.0,False
ACC_00005,2024-05-01,,,,,22384,96521.22,0.0,-74137.22,4.312,1742,6,False,5,16491.0,Declining,6.0,5244.0,Declining,86000.0,Declining,False,379783.0,False
ACC_00005,2024-06-01,,,,,13312,96444.22,0.0,-83132.22,7.245,1458,16,False,7,11075.0,Declining,3.0,1861.0,Declining,86000.0,Declining,False,383319.0,False
ACC_00005,2024-07-01,,,,,11970,95510.22,0.0,-83540.22,7.979,819,16,False,5,9025.0,Declining,6.0,2613.0,Declining,43000.0,Declining,False,321176.0,False
ACC_00005,2024-08-01,,,,,14708,95835.22,0.0,-81127.22,6.516,1255,8,False,20,10943.0,Declining,1.0,3513.0,Declining,61000.0,Declining,False,351471.0,False
ACC_00005,2024-09-01,,,,,11893,94877.22,0.0,-82984.22,7.978,979,20,False,16,8500.0,Declining,5.0,3258.0,Declining,56000.0,Declining,False,385197.0,False
ACC_00005,2024-10-01,,,,,10029,97226.22,0.0,-87197.22,9.695,79,9,False,13,7864.0,Declining,2.0,1715.0,Declining,68000.0,Declining,False,313352.0,False
ACC_00005,2024-11-01,,,,,13857,95862.22,0.0,-82005.22,6.918,1334,14,False,10,10136.0,Declining,6.0,3230.0,Declining,46000.0,Declining,False,343862.0,False
ACC_00005,2024-12-01,,,,,14564,95884.22,0.0,-81320.22,6.584,438,15,False,14,11080.0,Declining,3.0,3096.0,Declining,49000.0,Declining,False,396027.0,False
ACC_00006,2024-01-01,2024-01-01,2024-01-01,0.0,144000.0,149358,116429.21,104928.79,32928.79000000001,0.78,0,27,False,0,,,,,,,,,,
ACC_00006,2024-02-01,2024-02-01,2024-02-01,0.0,144000.0,144135,118151.21,130912.58000000002,25983.790000000008,0.82,0,27,False,0,,,,,,,,,,
ACC_00006,2024-03-01,2024-03-01,2024-03-01,0.0,144000.0,149733,116417.21,164228.37000000002,33315.79000000001,0.777,0,39,False,0,,,,,,,,,,
ACC_00006,2024-04-01,2024-04-01,2024-04-01,0.0,144000.0,145070,114437.21,194861.16000000003,30632.790000000008,0.789,0,19,False,0,,,,,,,,,,
ACC_00006,2024-05-01,2024-05-01,2024-05-01,0.0,144000.0,144916,119119.21,220657.95000000004,25796.790000000008,0.822,0,39,False,0,,,,,,,,,,
ACC_00006,2024-06-01,2024-06-01,2024-06-01,0.0,144000.0,145578,112403.21,253832.74000000005,33174.79000000001,0.772,0,37,False,0,,,,,,,,,,
ACC_00006,2024-07-01,2024-07-01,2024-07-01,0.0,144000.0,151111,114790.21,290153.53,36320.79000000001,0.76,0,37,False,0,,,,,,,,,,
ACC_00006,2024-08-01,2024-08-01,2024-08-01,0.0,144000.0,148077,112849.21,325381.32000000007,35227.79000000001,0.762,0,39,False,0,,,,,,,,,,
ACC_00006,2024-09-01,2024-09-01,2024-09-01,0.0,144000.0,151134,116165.21,360350.1100000001,34968.79000000001,0.769,0,39,False,0,,,,,,,,,,
ACC_00006,2024-10-01,2024-10-01,2024-10-01,0.0,144000.0,149333,122374.21,387308.90000000014,26958.790000000008,0.819,0,15,False,0,,,,,,,,,,
ACC_00006,2024-11-01,2024-11-01,2024-11-01,0.0,144000.0,149759,118916.21,418151.6900000002,30842.790000000008,0.794,0,18,False,0,,,,,,,,,,
ACC_00006,2024-12-01,2024-12-01,2024-12-01,0.0,144000.0,149950,117264.21,450837.4800000002,32685.790000000008,0.782,0,19,False,0,,,,,,,,,,
ACC_00007,2024-01-01,2024-01-01,2024-01-01,0.0,146000.0,149133,111505.67,110627.33,37627.33,0.748,0,32,False,0,,,,,,,,,,
ACC_00007,2024-02-01,2024-02-01,2024-02-01,0.0,146000.0,150823,117120.67,144329.66,33702.33,0.777,0,35,False,0,,,,,,,,,,
ACC_00007,2024-03-01,2024-03-01,2024-03-01,0.0,146000.0,152220,112741.67,183807.99,39478.33,0.741,0,22,False,0,,,,,,,,,,
ACC_00007,2024-04-01,2024-04-01,2024-04-01,0.0,146000.0,152209,112594.67,223422.32,39614.33,0.74,0,32,False,0,,,,,,,,,,
ACC_00007,2024-05-01,2024-05-01,2024-05-01,0.0,146000.0,152620,117053.67,258988.65,35566.33,0.767,0,24,False,0,,,,,,,,,,
ACC_00007,2024-06-01,2024-06-01,2024-06-01,0.0,146000.0,151060,110463.67,299584.98000000004,40596.33,0.731,0,39,False,0,,,,,,,,,,
ACC_00007,2024-07-01,2024-07-01,2024-07-01,0.0,146000.0,152041,117836.67,333789.31000000006,34204.33,0.775,0,16,False,0,,,,,,,,,,
ACC_00007,2024-08-01,2024-08-01,2024-08-01,0.0,146000.0,152603,119092.67,367299.6400000001,33510.33,0.78,0,33,False,0,,,,,,,,,,
ACC_00007,2024-09-01,2024-09-01,2024-09-01,0.0,146000.0,147530,111123.67,403705.9700000001,36406.33,0.753,0,39,False,0,,,,,,,,,,
ACC_00007,2024-10-01,2024-10-01,2024-10-01,0.0,146000.0,151641,113993.67,441353.3000000001,37647.33,0.752,0,24,False,0,,,,,,,,,,
ACC_00007,2024-11-01,2024-11-01,2024-11-01,0.0,146000.0,146437,109195.67,478594.6300000001,37241.33,0.746,0,22,False,0,,,,,,,,,,
ACC_00007,2024-12-01,2024-12-01,2024-12-01,0.0,146000.0,150279,110172.67,518700.96000000014,40106.33,0.733,0,31,False,0,,,,,,,,,,
ACC_00008,2024-01-01,2024-01-01,2024-01-01,0.0,77000.0,77644,50510.36,65133.64,27133.64,0.651,0,40,False,0,,,,,,,,,,
ACC_00008,2024-02-01,2024-02-01,2024-02-01,0.0,77000.0,80367,49903.36,95597.28,30463.64,0.621,0,23,False,0,,,,,,,,,,
ACC_00008,2024-03-01,2024-03-01,2024-03-01,0.0,77000.0,78552,47721.36,126427.92,30830.64,0.608,0,20,False,0,,,,,,,,,,
ACC_00008,2024-04-01,2024-04-01,2024-04-01,0.0,77000.0,79384,50833.36,154978.56,28550.64,0.64,0,33,False,0,,,,,,,,,,
ACC_00008,2024-05-01,2024-05-01,2024-05-01,0.0,77000.0,80517,52282.36,183213.2,28234.64,0.649,0,25,False,0,,,,,,,,,,
ACC_00008,2024-06-01,2024-06-01,2024-06-01,0.0,77000.0,77210,51846.36,208576.84000000003,25363.64,0.671,0,32,False,0,,,,,,,,,,
ACC_00008,2024-07-01,2024-07-01,2024-07-01,0.0,77000.0,78009,52261.36,234324.48000000004,25747.64,0.67,0,39,False,0,,,,,,,,,,
ACC_00008,2024-08-01,2024-08-01,2024-08-01,0.0,77000.0,79289,52594.36,261019.12000000005,26694.64,0.663,0,19,False,0,,,,,,,,,,
ACC_00008,2024-09-01,2024-09-01,2024-09-01,0.0,77000.0,79836,51060.36,289794.76000000007,28775.64,0.64,0,26,False,0,,,,,,,,,,
ACC_00008,2024-10-01,2024-10-01,2024-10-01,0.0,77000.0,79337,50196.36,318935.4000000001,29140.64,0.633,0,28,False,0,,,,,,,,,,
ACC_00008,2024-11-01,2024-11-01,2024-11-01,0.0,77000.0,77311,48020.36,348226.0400000001,29290.64,0.621,0,18,False,0,,,,,,,,,,
ACC_00008,2024-12-01,2024-12-01,2024-12-01,0.0,77000.0,78152,47611.36,378766.6800000001,30540.64,0.609,0,40,False,0,,,,,,,,,,
ACC_00009,2024-01-01,2024-01-01,2024-01-01,0.0,116000.0,116923,129095.73,45827.26999999999,-12172.73000000001,1.104,0,21,False,0,,,,,,,,,,
ACC_00009,2024-02-01,2024-02-01,2024-02-01,0.0,116000.0,120249,127990.73,38085.53999999998,-7741.73000000001,1.064,0,27,False,0,,,,,,,,,,
ACC_00009,2024-03-01,2024-03-01,2024-03-01,0.0,116000.0,119680,128253.73,29511.80999999997,-8573.73000000001,1.072,0,20,False,0,,,,,,,,,,
ACC_00009,2024-04-01,2024-04-01,2024-04-01,0.0,116000.0,120006,126602.73,22915.07999999996,-6596.7300000000105,1.055,0,18,False,0,,,,,,,,,,
ACC_00009,2024-05-01,2024-05-01,2024-05-01,0.0,116000.0,116769,128713.73,10970.349999999948,-11944.73000000001,1.102,0,32,False,0,,,,,,,,,,
ACC_00009,2024-06-01,2024-06-01,2024-06-01,0.0,116000.0,117793,124662.73,4100.619999999937,-6869.7300000000105,1.058,0,35,False,0,,,,,,,,,,
ACC_00009,2024-07-01,2024-07-01,2024-07-01,0.0,116000.0,119019,126022.73,0.0,-7003.7300000000105,1.059,0,40,False,0,,,,,,,,,,
ACC_00009,2024-08-01,2024-08-01,2024-08-01,0.0,116000.0,117579,126977.73,0.0,-9398.73000000001,1.08,0,40,False,0,,,,,,,,,,
ACC_00009,2024-09-01,2024-09-01,2024-09-01,0.0,116000.0,121773,125388.73,0.0,-3615.7300000000105,1.03,0,28,False,0,,,,,,,,,,
ACC_00009,2024-10-01,2024-10-01,2024-10-01,0.0,116000.0,120793,129752.73,0.0,-8959.73000000001,1.074,0,29,False,0,,,,,,,,,,
ACC_00009,2024-11-01,2024-11-01,2024-11-01,0.0,116000.0,119427,130536.73,0.0,-11109.73000000001,1.093,0,26,False,0,,,,,,,,,,
ACC_00009,2024-12-01,2024-12-01,2024-12-01,0.0,116000.0,120165,128381.73,0.0,-8216.73000000001,1.068,0,21,False,0,,,,,,,,,,
ACC_00010,2024-01-01,2024-01-01,2024-01-01,0.0,139000.0,142439,120442.93,91996.07,21996.070000000007,0.846,0,37,False,0,,,,,,,,,,
ACC_00010,2024-02-01,2024-02-01,2024-02-01,0.0,139000.0,143788,125439.93,110344.14,18348.070000000007,0.872,0,17,False,0,,,,,,,,,,
ACC_00010,2024-03-01,2024-03-01,2024-03-01,0.0,139000.0,141814,128732.93,123425.21000000002,13081.070000000009,0.908,0,30,False,0,,,,,,,,,,
ACC_00010,2024-04-01,2024-04-01,2024-04-01,0.0,139000.0,143348,121120.93,145652.28000000003,22227.070000000007,0.845,0,30,False,0,,,,,,,,,,
ACC_00010,2024-05-01,2024-05-01,2024-05-01,0.0,139000.0,141655,121822.93,165484.35000000003,19832.070000000007,0.86,0,25,False,0,,,,,,,,,,
ACC_00010,2024-06-01,2024-06-01,2024-06-01,0.0,139000.0,145784,121016.93,190251.42000000004,24767.070000000007,0.83,0,27,False,0,,,,,,,,,,
ACC_00010,2024-07-01,2024-07-01,2024-07-01,0.0,139000.0,143942,119426.93,214766.49000000005,24515.070000000007,0.83,0,38,False,0,,,,,,,,,,
ACC_00010,2024-08-01,2024-08-01,2024-08-01,0.0,139000.0,145279,120951.93,239093.56000000008,24327.070000000007,0.833,0,24,False,0,,,,,,,,,,
ACC_00010,2024-09-01,2024-09-01,2024-09-01,0.0,139000.0,144617,121662.93,262047.6300000001,22954.070000000007,0.841,0,15,False,0,,,,,,,,,,
ACC_00010,2024-10-01,2024-10-01,2024-10-01,0.0,139000.0,142520,122504.93,282062.70000000007,20015.070000000007,0.86,0,19,False,0,,,,,,,,,,
ACC_00010,2024-11-01,2024-11-01,2024-11-01,0.0,139000.0,139764,124672.93,297153.7700000001,15091.070000000009,0.892,0,18,False,0,,,,,,,,,,
ACC_00010,2024-12-01,2024-12-01,2024-12-01,0.0,139000.0,140318,126917.93,310553.8400000001,13400.070000000009,0.905,0,20,False,0,,,,,,,,,,
ACC_00011,2024-01-01,,,,,380886,296189.3,288696.7,84696.70000000001,0.778,0,41,False,0,305511.0,Stable,15.0,69090.0,Stable,1724000.0,Stable,True,4759594.0,False
ACC_00011,2024-02-01,,,,,354485,290038.3,353143.4,64446.70000000001,0.818,0,51,False,0,283608.0,Stable,12.0,59903.0,Stable,1663000.0,Stable,True,4680102.0,False
ACC_00011,2024-03-01,,,,,321996,292258.3,382881.1,29737.70000000001,0.908,0,41,False,0,265622.0,Stable,6.0,46156.0,Stable,1408000.0,Stable,True,4149180.0,False
ACC_00011,2024-04-01,,,,,323349,290563.3,415666.8000000001,32785.70000000001,0.899,0,55,False,0,242485.0,Stable,13.0,70971.0,Stable,1686000.0,Stable,True,4828497.0,False
ACC_00011,2024-05-01,,,,,425441,272011.3,569096.5,153429.7,0.639,0,52,False,0,310260.0,Stable,11.0,107443.0,Stable,1605000.0,Stable,True,3853694.0,False
ACC_00011,2024-06-01,,,,,328717,271910.3,625903.2,56806.70000000001,0.827,0,59,False,0,226589.0,Stable,7.0,97791.0,Stable,1416000.0,Stable,True,4716140.0,False
ACC_00011,2024-07-01,,,,,426772,275471.3,777203.8999999999,151300.7,0.645,0,55,False,0,325164.0,Stable,15.0,98663.0,Stable,1297000.0,Stable,True,4396257.0,False
ACC_00011,2024-08-01,,,,,328701,287883.3,818021.5999999999,40817.70000000001,0.876,0,30,False,0,246808.0,Stable,13.0,62181.0,Stable,1499000.0,Stable,True,3877273.0,False
ACC_00011,2024-09-01,,,,,370902,286901.3,902022.2999999998,84000.70000000001,0.774,0,58,False,0,270839.0,Stable,10.0,90117.0,Stable,1569000.0,Stable,True,4265927.0,False
ACC_00011,2024-10-01,,,,,340786,294406.3,948401.9999999998,46379.70000000001,0.864,0,55,False,0,229360.0,Stable,13.0,99106.0,Stable,1896000.0,Stable,True,4490905.0,False
ACC_00011,2024-11-01,,,,,353168,270683.3,1030886.6999999996,82484.70000000001,0.766,0,38,False,0,236654.0,Stable,9.0,105872.0,Stable,1305000.0,Stable,True,4770631.0,False
ACC_00011,2024-12-01,,,,,305995,277506.3,1059375.3999999997,28488.70000000001,0.907,0,52,False,0,241896.0,Stable,6.0,57447.0,Stable,1822000.0,Stable,True,4850608.0,False
ACC_00012,2024-01-01,2024-01-01,2024-01-01,0.0,128000.0,129609,74085.76999999999,119523.23,55523.23000000001,0.572,0,16,False,0,,,,,,,,,,
ACC_00012,2024-02-01,2024-02-01,2024-02-01,0.0,128000.0,132629,76914.76999999999,175237.46000000002,55714.23000000001,0.58,0,20,False,0,,,,,,,,,,
ACC_00012,2024-03-01,2024-03-01,2024-03-01,0.0,128000.0,130116,82247.76999999999,223105.69000000003,47868.23000000001,0.632,0,22,False,0,,,,,,,,,,
ACC_00012,2024-04-01,2024-04-01,2024-04-01,0.0,128000.0,132055,74894.76999999999,280265.92000000004,57160.23000000001,0.567,0,37,False,0,,,,,,,,,,
ACC_00012,2024-05-01,2024-05-01,2024-05-01,0.0,128000.0,131349,74806.76999999999,336808.15,56542.23000000001,0.57,0,25,False,0,,,,,,,,,,
ACC_00012,2024-06-01,2024-06-01,2024-06-01,0.0,128000.0,133793,80538.76999999999,390062.38,53254.23000000001,0.602,0,26,False,0,,,,,,,,,,
ACC_00012,2024-07-01,2024-07-01,2024-07-01,0.0,128000.0,132660,74376.76999999999,448345.61,58283.23000000001,0.561,0,31,False,0,,,,,,,,,,
ACC_00012,2024-08-01,2024-08-01,2024-08-01,0.0,128000.0,131194,79930.76999999999,499608.84,51263.23000000001,0.609,0,36,False,0,,,,,,,,,,
ACC_00012,2024-09-01,2024-09-01,2024-09-01,0.0,128000.0,133002,75074.76999999999,557536.07,57927.23000000001,0.564,0,28,False,0,,,,,,,,,,
ACC_00012,2024-10-01,2024-10-01,2024-10-01,0.0,128000.0,131637,82567.76999999999,606605.2999999999,49069.23000000001,0.627,0,36,False,0,,,,,,,,,,
ACC_00012,2024-11-01,2024-11-01,2024-11-01,0.0,128000.0,132912,79930.76999999999,659586.5299999999,52981.23000000001,0.601,0,33,False,0,,,,,,,,,,
ACC_00012,2024-12-01,2024-12-01,2024-12-01,0.0,128000.0,132773,77473.76999999999,714885.7599999999,55299.23000000001,0.584,0,19,False,0,,,,,,,,,,
ACC_00013,2024-01-01,2024-01-01,2024-01-01,0.0,143000.0,146862,123512.85,95349.15,23349.149999999998,0.841,0,27,False,0,,,,,,,,,,
ACC_00013,2024-02-01,2024-02-01,2024-02-01,0.0,143000.0,145614,114945.85,126017.3,30668.149999999998,0.789,0,35,False,0,,,,,,,,,,
ACC_00013,2024-03-01,2024-03-01,2024-03-01,0.0,143000.0,146702,118833.85,153885.44999999998,27868.149999999998,0.81,0,26,False,0,,,,,,,,,,
ACC_00013,2024-04-01,2024-04-01,2024-04-01,0.0,143000.0,144772,117991.85,180665.6,26780.149999999998,0.815,0,20,False,0,,,,,,,,,,
ACC_00013,2024-05-01,2024-05-01,2024-05-01,0.0,143000.0,145588,117246.85,209006.75,28341.149999999998,0.805,0,20,False,0,,,,,,,,,,
ACC_00013,2024-06-01,2024-06-01,2024-06-01,0.0,143000.0,149503,122958.85,235550.9,26544.149999999998,0.822,0,20,False,0,,,,,,,,,,
ACC_00013,2024-07-01,2024-07-01,2024-07-01,0.0,143000.0,147016,121623.85,260943.05,25392.149999999998,0.827,0,29,False,0,,,,,,,,,,
ACC_00013,2024-08-01,2024-08-01,2024-08-01,0.0,143000.0,145609,115862.85,290689.19999999995,29746.149999999998,0.796,0,18,False,0,,,,,,,,,,
ACC_00013,2024-09-01,2024-09-01,2024-09-01,0.0,143000.0,149126,118546.85,321268.35,30579.149999999998,0.795,0,31,False,0,,,,,,,,,,
ACC_00013,2024-10-01,2024-10-01,2024-10-01,0.0,143000.0,147537,122457.85,346347.5,25079.149999999998,0.83,0,20,False,0,,,,,,,,,,
ACC_00013,2024-11-01,2024-11-01,2024-11-01,0.0,143000.0,145614,116894.85,375066.65,28719.149999999998,0.803,0,16,False,0,,,,,,,,,,
ACC_00013,2024-12-01,2024-12-01,2024-12-01,0.0,143000.0,148487,125570.85,397982.8000000001,22916.149999999998,0.846,0,22,False,0,,,,,,,,,,
ACC_00014,2024-01-01,2024-01-01,2024-01-01,0.0,53000.0,53591,45957.72,33633.28,7633.279999999999,0.858,0,31,False,0,,,,,,,,,,
ACC_00014,2024-02-01,2024-02-01,2024-02-01,0.0,53000.0,54936,46265.72,42303.56,8670.279999999999,0.842,0,19,False,0,,,,,,,,,,
ACC_00014,2024-03-01,2024-03-01,2024-03-01,0.0,53000.0,55108,44219.72,53191.84,10888.28,0.802,0,27,False,0,,,,,,,,,,
ACC_00014,2024-04-01,2024-04-01,2024-04-01,0.0,53000.0,53456,43695.72,62952.12,9760.28,0.817,0,33,False,0,,,,,,,,,,
ACC_00014,2024-05-01,2024-05-01,2024-05-01,0.0,53000.0,53534,45492.72,70993.4,8041.279999999999,0.85,0,38,False,0,,,,,,,,,,
ACC_00014,2024-06-01,2024-06-01,2024-06-01,0.0,53000.0,53001,44277.72,79716.68,8723.279999999999,0.835,0,38,False,0,,,,,,,,,,
ACC_00014,2024-07-01,2024-07-01,2024-07-01,0.0,53000.0,53142,45833.72,87024.95999999999,7308.279999999999,0.862,0,17,False,0,,,,,,,,,,
ACC_00014,2024-08-01,2024-08-03,2024-08-01,2.0,53000.0,54823,44314.72,97533.24,10508.28,0.808,0,28,False,0,,,,,,,,,,
ACC_00014,2024-09-01,2024-09-06,2024-09-01,5.0,53000.0,53752,45314.72,105970.52,8437.279999999999,0.843,7092,37,False,0,,,,,,,,,,
ACC_00014,2024-10-01,2024-10-02,2024-10-01,1.0,52000.0,52819,46032.72,112756.8,6786.279999999999,0.872,6550,13,False,1,,,,,,,,,,
ACC_00014,2024-11-01,2024-11-03,2024-11-01,2.0,52000.0,54426,44600.72,122582.08,9825.28,0.819,5446,8,False,5,,,,,,,,,,
ACC_00014,2024-12-01,2024-12-13,2024-12-01,12.0,51000.0,52068,46555.72,128094.36,5512.279999999999,0.894,79,9,False,3,,,,,,,,,,
ACC_00015,2024-01-01,,,,,101547,66861.87,95685.13,34685.130000000005,0.658,0,53,False,0,79390.0,Declining,13.0,20326.0,Declining,582000.0,Declining,True,1088267.0,False
ACC_00015,2024-02-01,,,,,106677,65840.87,136521.26,40836.130000000005,0.617,0,29,False,0,82552.0,Stable,12.0,21108.0,Stable,577000.0,Stable,True,1091245.0,False
ACC_00015,2024-03-01,,,,,104533,65482.87,175571.39,39050.13,0.626,0,24,False,0,84795.0,Declining,5.0,18056.0,Declining,389000.0,Declining,True,1402161.0,True
ACC_00015,2024-04-01,,,,,98553,62294.87,211829.52,36258.13,0.632,0,44,False,0,76364.0,Stable,14.0,18769.0,Declining,517000.0,Declining,True,1392292.0,False
ACC_00015,2024-05-01,,,,,90267,57937.87,244158.65,32329.13,0.642,0,20,False,0,71258.0,Stable,10.0,15780.0,Stable,424000.0,Stable,True,1424720.0,False
ACC_00015,2024-06-01,,,,,94489,66115.87,272531.78,28373.130000000005,0.7,0,43,False,0,79872.0,Declining,7.0,13339.0,Declining,533000.0,Declining,True,1417149.0,False
ACC_00015,2024-07-01,,,,,95019,60381.87,307168.91000000003,34637.13,0.635,5664,20,False,0,80632.0,Stable,13.0,12236.0,Declining,333000.0,Declining,True,1255066.0,False
ACC_00015,2024-08-01,,,,,92495,64075.87,335588.04000000004,28419.13,0.693,8708,10,False,6,69007.0,Declining,5.0,19326.0,Declining,393000.0,Declining,True,1453547.0,False
ACC_00015,2024-09-01,,,,,63303,59117.87,339773.17000000004,4185.129999999997,0.934,6790,12,False,1,48783.0,Declining,2.0,11297.0,Declining,396000.0,Declining,True,1454479.0,True
ACC_00015,2024-10-01,,,,,56200,59171.87,336801.30000000005,-2971.8700000000026,1.053,6157,18,False,4,43060.0,Declining,3.0,10112.0,Declining,268000.0,Declining,False,1041039.0,False
ACC_00015,2024-11-01,,,,,40951,57176.87,320575.43000000005,-16225.870000000004,1.396,4024,15,False,19,31983.0,Declining,2.0,8007.0,Declining,202000.0,Declining,False,1380151.0,False
ACC_00015,2024-12-01,,,,,40220,62297.87,298497.56000000006,-22077.870000000003,1.549,2375,11,False,5,30994.0,Declining,2.0,8181.0,Declining,162000.0,Declining,False,1342295.0,True
ACC_00016,2024-01-01,,,,,134859,90183.62,135675.38,44675.380000000005,0.669,0,50,False,0,103560.0,Stable,6.0,23993.0,Stable,824000.0,Stable,True,2022299.0,True
ACC_00016,2024-02-01,,,,,129332,95094.62,169912.76,34237.380000000005,0.735,0,49,False,0,101387.0,Stable,5.0,19395.0,Declining,694000.0,Declining,True,2165987.0,False
ACC_00016,2024-03-01,,,,,178704,96127.62,252489.14,82576.38,0.538,0,21,False,0,133470.0,Stable,7.0,38921.0,Stable,746000.0,Stable,True,2003915.0,False
ACC_00016,2024-04-01,,,,,162969,99848.62,315609.52,63120.380000000005,0.613,0,43,False,0,124711.0,Stable,5.0,32850.0,Stable,681000.0,Stable,True,1995435.0,False
ACC_00016,2024-05-01,,,,,170397,94621.62,391384.9,75775.38,0.555,0,51,False,0,139866.0,Stable,9.0,28435.0,Stable,860000.0,Stable,True,1750950.0,True
ACC_00016,2024-06-01,,,,,142493,90091.62,443786.28,52401.380000000005,0.632,0,27,False,0,106197.0,Declining,6.0,28416.0,Declining,725000.0,Declining,True,2155332.0,False
ACC_00016,2024-07-01,,,,,130743,95212.62,479316.66,35530.380000000005,0.728,4017,52,False,0,95591.0,Declining,8.0,34708.0,Declining,733000.0,Declining,True,2161205.0,False
ACC_00016,2024-08-01,,,,,125085,91973.62,512428.04,33111.380000000005,0.735,964,19,False,1,85990.0,Stable,2.0,37689.0,Declining,568000.0,Declining,True,1916779.0,False
ACC_00016,2024-09-01,,,,,95654,92306.62,515775.42,3347.3800000000047,0.965,11935,5,False,2,71879.0,Declining,4.0,19074.0,Declining,383000.0,Declining,True,2011927.0,False
ACC_00016,2024-10-01,,,,,96681,93683.62,518772.8000000001,2997.3800000000047,0.969,2227,7,False,7,65755.0,Declining,3.0,28260.0,Declining,427000.0,Declining,False,2164053.0,False
ACC_00016,2024-11-01,,,,,72383,91983.62,499172.18000000005,-19600.619999999995,1.271,762,12,False,4,49540.0,Declining,2.0,18720.0,Declining,334000.0,Declining,False,2101510.0,False
ACC_00016,2024-12-01,,,,,72213,87898.62,483486.56000000006,-15685.619999999995,1.217,4829,7,False,12,56737.0,Declining,1.0,12572.0,Declining,296000.0,Declining,False,1786514.0,False
ACC_00017,2024-01-01,2024-01-01,2024-01-01,0.0,113000.0,116635,87391.86,85243.14,29243.14,0.749,0,24,False,0,,,,,,,,,,
ACC_00017,2024-02-01,2024-02-01,2024-02-01,0.0,113000.0,116369,89044.86,112567.28,27324.14,0.765,0,25,False,0,,,,,,,,,,
ACC_00017,2024-03-01,2024-03-01,2024-03-01,0.0,113000.0,116129,88302.86,140393.41999999998,27826.14,0.76,0,33,False,0,,,,,,,,,,
ACC_00017,2024-04-01,2024-04-01,2024-04-01,0.0,113000.0,113691,81430.86,172653.56,32260.14,0.716,0,22,False,0,,,,,,,,,,
ACC_00017,2024-05-01,2024-05-01,2024-05-01,0.0,113000.0,117985,81580.86,209057.7,36404.14,0.691,0,34,False,0,,,,,,,,,,
ACC_00017,2024-06-01,2024-06-01,2024-06-01,0.0,113000.0,116410,89252.86,236214.84000000003,27157.14,0.767,0,35,False,0,,,,,,,,,,
ACC_00017,2024-07-01,2024-07-01,2024-07-01,0.0,113000.0,116710,81885.86,271038.98000000004,34824.14,0.702,0,23,False,0,,,,,,,,,,
ACC_00017,2024-08-01,2024-08-01,2024-08-01,0.0,113000.0,118576,85971.86,303643.12000000005,32604.14,0.725,0,36,False,0,,,,,,,,,,
ACC_00017,2024-09-01,2024-09-01,2024-09-01,0.0,113000.0,114734,87359.86,331017.26000000007,27374.14,0.761,0,28,False,0,,,,,,,,,,
ACC_00017,2024-10-01,2024-10-01,2024-10-01,0.0,113000.0,113123,81947.86,362192.4000000001,31175.14,0.724,0,40,False,0,,,,,,,,,,
ACC_00017,2024-11-01,2024-11-01,2024-11-01,0.0,113000.0,113914,87537.86,388568.5400000001,26376.14,0.768,0,25,False,0,,,,,,,,,,
ACC_00017,2024-12-01,2024-12-01,2024-12-01,0.0,113000.0,115294,85376.86,418485.6800000001,29917.14,0.741,0,15,False,0,,,,,,,,,,
ACC_00018,2024-01-01,2024-01-06,2024-01-01,5.0,54000.0,54688,55722.54,25965.46,-1034.5400000000009,1.019,1669,15,False,0,,,,,,,,,,
ACC_00018,2024-02-01,2024-02-05,2024-02-01,4.0,54000.0,56452,55502.54,26914.92,949.4599999999992,0.983,7051,36,False,0,,,,,,,,,,
ACC_00018,2024-03-01,2024-03-05,2024-03-01,4.0,54000.0,54592,57620.54,23886.38,-3028.540000000001,1.055,3044,36,False,0,,,,,,,,,,
ACC_00018,2024-04-01,2024-04-06,2024-04-01,5.0,53000.0,55444,56887.54,22442.84,-1443.5400000000009,1.026,6305,16,False,2,,,,,,,,,,
ACC_00018,2024-05-01,2024-05-04,2024-05-01,3.0,53000.0,53492,55738.54,20196.3,-2246.540000000001,1.042,6031,19,False,2,,,,,,,,,,
ACC_00018,2024-06-01,2024-06-13,2024-06-01,12.0,52000.0,54678,55973.54,18900.759999999995,-1295.5400000000009,1.024,2552,5,False,2,,,,,,,,,,
ACC_00018,2024-07-01,2024-07-05,2024-07-01,4.0,52000.0,53975,58402.54,14473.219999999994,-4427.540000000001,1.082,4828,20,False,1,,,,,,,,,,
ACC_00018,2024-08-01,2024-08-07,2024-08-01,6.0,46000.0,47378,59499.54,2351.679999999993,-12121.54,1.256,1864,9,False,4,,,,,,,,,,
ACC_00018,2024-09-01,2024-09-13,2024-09-01,12.0,46000.0,48286,59856.54,0.0,-11570.54,1.24,7317,9,False,15,,,,,,,,,,
ACC_00018,2024-10-01,2024-10-13,2024-10-01,12.0,45000.0,45112,59646.54,0.0,-14534.54,1.322,75,16,False,15,,,,,,,,,,
ACC_00018,2024-11-01,2024-11-06,2024-11-01,5.0,45000.0,46602,61452.54,0.0,-14850.54,1.319,891,18,False,11,,,,,,,,,,
ACC_00018,2024-12-01,2024-12-05,2024-12-01,4.0,44000.0,44753,59396.54,0.0,-14643.54,1.327,795,11,False,15,,,,,,,,,,
ACC_00019,2024-01-01,2024-01-01,2024-01-01,0.0,56000.0,58273,40552.74,45720.26,17720.260000000002,0.696,0,37,False,0,,,,,,,,,,
ACC_00019,2024-02-01,2024-02-01,2024-02-01,0.0,56000.0,58297,39245.74,64771.52,19051.26,0.673,0,27,False,0,,,,,,,,,,
ACC_00019,2024-03-01,2024-03-01,2024-03-01,0.0,56000.0,58329,39288.74,83811.78,19040.26,0.674,0,40,False,0,,,,,,,,,,
ACC_00019,2024-04-01,2024-04-01,2024-04-01,0.0,56000.0,58251,39611.74,102451.04,18639.26,0.68,0,24,False,0,,,,,,,,,,
ACC_00019,2024-05-01,2024-05-01,2024-05-01,0.0,56000.0,57402,39794.74,120058.30000000002,17607.260000000002,0.693,0,23,False,0,,,,,,,,,,
ACC_00019,2024-06-01,2024-06-01,2024-06-01,0.0,56000.0,56963,38300.74,138720.56000000003,18662.26,0.672,0,31,False,0,,,,,,,,,,
ACC_00019,2024-07-01,2024-07-01,2024-07-01,0.0,56000.0,58235,40173.74,156781.82000000004,18061.26,0.69,0,39,False,0,,,,,,,,,,
ACC_00019,2024-08-01,2024-08-03,2024-08-01,2.0,56000.0,58024,38015.74,176790.08000000005,20008.26,0.655,0,17,False,0,,,,,,,,,,
ACC_00019,2024-09-01,2024-09-04,2024-09-01,3.0,56000.0,56212,40773.74,192228.34000000003,15438.260000000002,0.725,8141,40,False,0,,,,,,,,,,
ACC_00019,2024-10-01,2024-10-04,2024-10-01,3.0,55000.0,56254,39516.74,208965.6000000001,16737.260000000002,0.702,4842,17,False,3,,,,,,,,,,
ACC_00019,2024-11-01,2024-11-05,2024-11-01,4.0,55000.0,55387,37926.74,226425.86000000007,17460.260000000002,0.685,591,14,False,5,,,,,,,,,,
ACC_00019,2024-12-01,2024-12-06,2024-12-01,5.0,54000.0,55920,37467.74,244878.12000000008,18452.26,0.67,1009,13,False,3,,,,,,,,,,
ACC_00020,2024-01-01,,,,,52993,61067.12,36925.880000000005,-8074.119999999995,1.152,3541,18,False,6,35485.0,Declining,5.0,16854.0,Declining,193000.0,Declining,True,1032998.0,False
ACC_00020,2024-02-01,,,,,59926,55595.12,41256.76000000001,4330.880000000005,0.928,1293,11,False,5,46673.0,Stable,4.0,10420.0,Declining,284000.0,Declining,True,903621.0,True
ACC_00020,2024-03-01,,,,,62173,59402.12,44027.640000000014,2770.8800000000047,0.955,2661,11,False,2,45214.0,Stable,3.0,15530.0,Declining,221000.0,Declining,True,887421.0,False
ACC_00020,2024-04-01,,,,,45566,55687.12,33906.52000000002,-10121.119999999995,1.222,105,17,False,6,36843.0,Stable,7.0,7998.0,Declining,218000.0,Declining,True,913719.0,False
ACC_00020,2024-05-01,,,,,48942,60248.12,22600.400000000023,-11306.119999999995,1.231,463,9,False,1,37658.0,Declining,2.0,10612.0,Declining,278000.0,Declining,True,896426.0,False
ACC_00020,2024-06-01,,,,,46058,61111.12,7547.280000000028,-15053.119999999995,1.327,3660,12,False,2,38603.0,Declining,6.0,6753.0,Declining,194000.0,Declining,False,1056667.0,False
ACC_00020,2024-07-01,,,,,38693,57192.12,0.0,-18499.119999999995,1.478,3723,7,False,17,32408.0,Declining,2.0,5842.0,Declining,124000.0,Declining,False,1073503.0,False
ACC_00020,2024-08-01,,,,,30961,58434.12,0.0,-27473.119999999995,1.887,1147,17,True,16,21866.0,Declining,7.0,8898.0,Declining,179000.0,Declining,False,761001.0,False
ACC_00020,2024-09-01,,,,,27241,56554.12,0.0,-29313.119999999995,2.076,3159,5,False,13,21787.0,Declining,4.0,4937.0,Declining,127000.0,Declining,False,1028737.0,False
ACC_00020,2024-10-01,,,,,33338,57783.12,0.0,-24445.119999999995,1.733,229,15,True,15,24211.0,Declining,4.0,8263.0,Declining,141000.0,Declining,False,771361.0,False
ACC_00020,2024-11-01,,,,,32497,59263.12,0.0,-26766.119999999995,1.824,1320,13,False,11,24384.0,Declining,6.0,7680.0,Declining,141000.0,Declining,False,908998.0,False
ACC_00020,2024-12-01,,,,,34372,55701.12,0.0,-21329.119999999995,1.621,2002,18,False,20,27707.0,Declining,3.0,5935.0,Declining,162000.0,Declining,False,757080.0,False
ACC_00021,2024-01-01,2024-01-01,2024-01-01,0.0,69000.0,72193,71784.68,34408.32000000001,408.320000000007,0.994,0,22,False,0,,,,,,,,,,
ACC_00021,2024-02-01,2024-02-01,2024-02-01,0.0,69000.0,70203,71700.68,32910.640000000014,-1497.679999999993,1.021,0,35,False,0,,,,,,,,,,
ACC_00021,2024-03-01,2024-03-01,2024-03-01,0.0,69000.0,72155,71895.68,33169.96000000002,259.320000000007,0.996,0,39,False,0,,,,,,,,,,
ACC_00021,2024-04-01,2024-04-01,2024-04-01,0.0,69000.0,71685,69093.68,35761.28000000003,2591.320000000007,0.964,0,40,False,0,,,,,,,,,,
ACC_00021,2024-05-01,2024-05-01,2024-05-01,0.0,69000.0,69967,73425.68,32302.600000000035,-3458.679999999993,1.049,0,29,False,0,,,,,,,,,,
ACC_00021,2024-06-01,2024-06-01,2024-06-01,0.0,69000.0,70421,70873.68,31849.92000000004,-452.679999999993,1.006,0,24,False,0,,,,,,,,,,
ACC_00021,2024-07-01,2024-07-01,2024-07-01,0.0,69000.0,70181,69934.68,32096.24000000005,246.32000000000696,0.996,0,36,False,0,,,,,,,,,,
ACC_00021,2024-08-01,2024-08-03,2024-08-01,2.0,69000.0,70704,73881.68,28918.560000000056,-3177.679999999993,1.045,0,19,False,0,,,,,,,,,,
ACC_00021,2024-09-01,2024-09-03,2024-09-01,2.0,69000.0,69284,69992.68,28209.880000000063,-708.679999999993,1.01,8227,36,False,0,,,,,,,,,,
ACC_00021,2024-10-01,2024-10-03,2024-10-01,2.0,68000.0,69860,73275.68,24794.20000000007,-3415.679999999993,1.049,3494,7,False,4,,,,,,,,,,
ACC_00021,2024-11-01,2024-11-11,2024-11-01,10.0,67000.0,69919,69484.68,25228.52000000008,434.320000000007,0.994,4787,8,False,3,,,,,,,,,,
ACC_00021,2024-12-01,2024-12-07,2024-12-01,6.0,67000.0,69004,71942.68,22289.840000000084,-2938.679999999993,1.043,5552,8,False,2,,,,,,,,,,
ACC_00022,2024-01-01,,,,,25556,42700.06,5855.940000000002,-17144.059999999998,1.671,916,19,False,6,20089.0,Stable,4.0,5184.0,Declining,127000.0,Declining,True,472630.0,False
ACC_00022,2024-02-01,,,,,30101,42250.06,0.0,-12149.059999999998,1.404,1796,16,False,4,22165.0,Stable,1.0,6325.0,Declining,148000.0,Declining,True,470879.0,False
ACC_00022,2024-03-01,,,,,23522,44824.06,0.0,-21302.06,1.906,3075,18,False,1,18671.0,Stable,3.0,3352.0,Declining,132000.0,Declining,True,434356.0,False
ACC_00022,2024-04-01,,,,,27077,45563.06,0.0,-18486.06,1.683,2758,14,False,4,21498.0,Declining,5.0,4913.0,Declining,135000.0,Declining,True,412414.0,True
ACC_00022,2024-05-01,,,,,30597,42762.06,0.0,-12165.059999999998,1.398,1354,16,False,1,23066.0,Declining,5.0,6954.0,Declining,149000.0,Declining,False,500723.0,False
ACC_00022,2024-06-01,,,,,23138,43894.06,0.0,-20756.06,1.897,1678,10,False,4,15211.0,Declining,3.0,6882.0,Declining,104000.0,Declining,False,521890.0,False
ACC_00022,2024-07-01,,,,,18203,45620.06,0.0,-27417.06,2.506,1162,18,False,1,14550.0,Declining,4.0,2903.0,Declining,104000.0,Declining,False,480318.0,False
ACC_00022,2024-08-01,,,,,17142,43885.06,0.0,-26743.06,2.56,1570,18,False,16,12090.0,Declining,4.0,4418.0,Declining,72000.0,Declining,False,478408.0,False
ACC_00022,2024-09-01,,,,,17864,45468.06,0.0,-27604.06,2.545,891,14,False,14,12539.0,Declining,4.0,4481.0,Declining,85000.0,Declining,False,427243.0,False
ACC_00022,2024-10-01,,,,,13939,42577.06,0.0,-28638.06,3.055,1528,8,True,5,10619.0,Declining,4.0,3256.0,Declining,82000.0,Declining,False,517376.0,False
ACC_00022,2024-11-01,,,,,12899,43461.06,0.0,-30562.06,3.369,826,20,True,19,10257.0,Declining,6.0,2537.0,Declining,82000.0,Declining,False,541469.0,False
ACC_00022,2024-12-01,,,,,17860,44243.06,0.0,-26383.06,2.477,1745,12,True,17,12874.0,Declining,4.0,4753.0,Declining,54000.0,Declining,False,409923.0,False
ACC_00023,2024-01-01,2024-01-01,2024-01-01,0.0,106000.0,107943,78848.6,82094.4,29094.399999999998,0.73,0,38,False,0,,,,,,,,,,
ACC_00023,2024-02-01,2024-02-01,2024-02-01,0.0,106000.0,109063,84774.6,106382.8,24288.399999999998,0.777,0,25,False,0,,,,,,,,,,
ACC_00023,2024-03-01,2024-03-01,2024-03-01,0.0,106000.0,106425,85178.6,127629.19999999998,21246.399999999998,0.8,0,35,False,0,,,,,,,,,,
ACC_00023,2024-04-01,2024-04-01,2024-04-01,0.0,106000.0,109261,78747.6,158142.59999999998,30513.399999999998,0.721,0,16,False,0,,,,,,,,,,
ACC_00023,2024-05-01,2024-05-01,2024-05-01,0.0,106000.0,108229,78325.6,188046.0,29903.399999999998,0.724,0,33,False,0,,,,,,,,,,
ACC_00023,2024-06-01,2024-06-01,2024-06-01,0.0,106000.0,109967,78449.6,219563.4,31517.399999999998,0.713,0,32,False,0,,,,,,,,,,
ACC_00023,2024-07-01,2024-07-01,2024-07-01,0.0,106000.0,108239,78517.6,249284.8,29721.399999999998,0.725,0,19,False,0,,,,,,,,,,
ACC_00023,2024-08-01,2024-08-01,2024-08-01,0.0,106000.0,108833,83200.6,274917.19999999995,25632.399999999998,0.764,0,40,False,0,,,,,,,,,,
ACC_00023,2024-09-01,2024-09-01,2024-09-01,0.0,106000.0,109617,78043.6,306490.6,31573.399999999998,0.712,0,33,False,0,,,,,,,,,,
ACC_00023,2024-10-01,2024-10-01,2024-10-01,0.0,106000.0,107539,81059.6,332970.0,26479.399999999998,0.754,0,39,False,0,,,,,,,,,,
ACC_00023,2024-11-01,2024-11-01,2024-11-01,0.0,106000.0,109339,82706.6,359602.4,26632.399999999998,0.756,0,31,False,0,,,,,,,,,,
ACC_00023,2024-12-01,2024-12-01,2024-12-01,0.0,106000.0,106743,79796.6,386548.8000000001,26946.399999999998,0.748,0,39,False,0,,,,,,,,,,
ACC_00024,2024-01-01,2024-01-02,2024-01-01,1.0,37000.0,38466,94732.75,0.0,-56266.75,2.463,2062,18,False,0,,,,,,,,,,
ACC_00024,2024-02-01,2024-02-04,2024-02-01,3.0,37000.0,38122,94724.75,0.0,-56602.75,2.485,1154,23,False,0,,,,,,,,,,
ACC_00024,2024-03-01,2024-03-06,2024-03-01,5.0,37000.0,37842,94620.75,0.0,-56778.75,2.5,1348,24,False,0,,,,,,,,,,
ACC_00024,2024-04-01,2024-04-06,2024-04-01,5.0,37000.0,38829,96543.75,0.0,-57714.75,2.486,2068,15,False,2,,,,,,,,,,
ACC_00024,2024-05-01,2024-05-05,2024-05-01,4.0,36000.0,36024,95455.75,0.0,-59431.75,2.65,3800,5,False,4,,,,,,,,,,
ACC_00024,2024-06-01,2024-06-12,2024-06-01,11.0,36000.0,37201,94265.75,0.0,-57064.75,2.534,1156,11,False,4,,,,,,,,,,
ACC_00024,2024-07-01,2024-07-11,2024-07-01,10.0,36000.0,37696,95060.75,0.0,-57364.75,2.522,3643,7,False,5,,,,,,,,,,
ACC_00024,2024-08-01,2024-08-10,2024-08-01,9.0,32000.0,32122,98679.75,0.0,-66557.75,3.072,2655,13,False,3,,,,,,,,,,
ACC_00024,2024-09-01,2024-09-06,2024-09-01,5.0,31000.0,31334,99641.75,0.0,-68307.75,3.18,2011,11,True,13,,,,,,,,,,
ACC_00024,2024-10-01,2024-10-06,2024-10-01,5.0,31000.0,32054,97560.75,0.0,-65506.75,3.044,4875,19,False,8,,,,,,,,,,
ACC_00024,2024-11-01,2024-11-05,2024-11-01,4.0,31000.0,32620,97940.75,0.0,-65320.75,3.002,1654,16,False,14,,,,,,,,,,
ACC_00024,2024-12-01,2024-12-11,2024-12-01,10.0,30000.0,30057,97142.75,0.0,-67085.75,3.232,5529,13,False,12,,,,,,,,,,
ACC_00025,2024-01-01,,,,,90288,155503.99,0.0,-65215.98999999999,1.722,0,58,False,0,67453.0,Declining,10.0,21757.0,Declining,437000.0,Declining,True,1122349.0,False
ACC_00025,2024-02-01,,,,,101763,149431.99,0.0,-47668.98999999999,1.468,0,51,False,0,75844.0,Stable,13.0,22204.0,Stable,470000.0,Stable,True,1310485.0,True
ACC_00025,2024-03-01,,,,,80364,156070.99,0.0,-75706.98999999999,1.942,0,35,False,0,64734.0,Stable,12.0,12146.0,Stable,419000.0,Stable,True,999610.0,False
ACC_00025,2024-04-01,,,,,95563,153138.99,0.0,-57575.98999999999,1.602,0,55,False,0,65907.0,Stable,7.0,24379.0,Stable,451000.0,Stable,True,1243481.0,False
ACC_00025,2024-05-01,,,,,107160,158030.99,0.0,-50870.98999999999,1.475,0,48,False,0,77863.0,Stable,11.0,24549.0,Stable,399000.0,Stable,True,1011176.0,False
ACC_00025,2024-06-01,,,,,103507,155710.99,0.0,-52203.98999999999,1.504,0,50,False,0,80815.0,Stable,6.0,20329.0,Stable,448000.0,Stable,True,1382302.0,False
ACC_00025,2024-07-01,,,,,92536,153792.99,0.0,-61256.98999999999,1.662,1235,54,False,0,76273.0,Stable,13.0,12153.0,Declining,330000.0,Declining,True,1373494.0,False
ACC_00025,2024-08-01,,,,,75818,158177.99,0.0,-82359.98999999999,2.086,4354,12,False,2,60456.0,Stable,3.0,13979.0,Declining,279000.0,Declining,True,1268854.0,False
ACC_00025,2024-09-01,,,,,76817,150043.99,0.0,-73226.98999999999,1.953,1706,10,False,4,59857.0,Stable,1.0,14917.0,Declining,310000.0,Declining,True,1063703.0,False
ACC_00025,2024-10-01,,,,,64944,153532.99,0.0,-88588.98999999999,2.364,2393,18,False,3,55178.0,Declining,2.0,9419.0,Declining,315000.0,Declining,False,1133315.0,False
ACC_00025,2024-11-01,,,,,45232,157583.99,0.0,-112351.99,3.484,1267,19,True,11,31934.0,Declining,4.0,11812.0,Declining,182000.0,Declining,False,1016955.0,False
ACC_00025,2024-12-01,,,,,43164,151056.99,0.0,-107892.99,3.5,2766,20,False,7,35149.0,Declining,7.0,7873.0,Declining,155000.0,Declining,False,1221340.0,True
ACC_00026,2024-01-01,2024-01-01,2024-01-01,0.0,108000.0,113023,81267.29000000001,85755.70999999999,31755.709999999992,0.719,0,36,False,0,,,,,,,,,,
ACC_00026,2024-02-01,2024-02-01,2024-02-01,0.0,108000.0,109275,86551.29000000001,108479.41999999998,22723.709999999992,0.792,0,31,False,0,,,,,,,,,,
ACC_00026,2024-03-01,2024-03-01,2024-03-01,0.0,108000.0,111064,83848.29000000001,135695.12999999998,27215.709999999992,0.755,0,22,False,0,,,,,,,,,,
ACC_00026,2024-04-01,2024-04-01,2024-04-01,0.0,108000.0,110568,82578.29000000001,163684.83999999997,27989.709999999992,0.747,0,15,False,0,,,,,,,,,,
ACC_00026,2024-05-01,2024-05-01,2024-05-01,0.0,108000.0,108428,79540.29000000001,192572.55,28887.709999999992,0.734,0,34,False,0,,,,,,,,,,
ACC_00026,2024-06-01,2024-06-01,2024-06-01,0.0,108000.0,111758,80358.29000000001,223972.25999999995,31399.709999999992,0.719,0,28,False,0,,,,,,,,,,
ACC_00026,2024-07-01,2024-07-01,2024-07-01,0.0,108000.0,112812,84921.29000000001,251862.96999999997,27890.709999999992,0.753,0,38,False,0,,,,,,,,,,
ACC_00026,2024-08-01,2024-08-01,2024-08-01,0.0,108000.0,110990,85176.29000000001,277676.67999999993,25813.709999999992,0.767,0,25,False,0,,,,,,,,,,
ACC_00026,2024-09-01,2024-09-01,2024-09-01,0.0,108000.0,111718,86804.29000000001,302590.3899999999,24913.709999999992,0.777,0,38,False,0,,,,,,,,,,
ACC_00026,2024-10-01,2024-10-01,2024-10-01,0.0,108000.0,110991,80046.29000000001,333535.09999999986,30944.709999999992,0.721,0,28,False,0,,,,,,,,,,
ACC_00026,2024-11-01,2024-11-01,2024-11-01,0.0,108000.0,112266,85667.29000000001,360133.8099999998,26598.709999999992,0.763,0,27,False,0,,,,,,,,,,
ACC_00026,2024-12-01,2024-12-01,2024-12-01,0.0,108000.0,112770,87568.29000000001,385335.5199999998,25201.709999999992,0.777,0,33,False,0,,,,,,,,,,
ACC_00027,2024-01-01,,,,,147425,198661.36,38763.640000000014,-51236.35999999999,1.348,0,60,False,0,124065.0,Declining,8.0,20990.0,Declining,645000.0,Declining,True,1607805.0,False
ACC_00027,2024-02-01,,,,,166904,202626.36,3041.280000000028,-35722.359999999986,1.214,0,54,False,0,118600.0,Stable,13.0,40914.0,Stable,792000.0,Stable,True,2011177.0,True
ACC_00027,2024-03-01,,,,,174189,195439.36,0.0,-21250.359999999982,1.122,0,41,False,0,126644.0,Declining,5.0,40303.0,Declining,780000.0,Declining,True,1942409.0,False
ACC_00027,2024-04-01,,,,,165634,199675.36,0.0,-34041.359999999986,1.206,0,38,False,0,133486.0,Declining,10.0,28185.0,Declining,730000.0,Declining,True,1793887.0,False
ACC_00027,2024-05-01,,,,,195041,200745.36,0.0,-5704.359999999986,1.029,0,33,False,0,144408.0,Stable,10.0,45525.0,Stable,633000.0,Stable,True,1803691.0,False
ACC_00027,2024-06-01,,,,,143060,203964.36,0.0,-60904.35999999999,1.426,0,30,False,0,110952.0,Stable,8.0,25192.0,Stable,808000.0,Stable,True,1646084.0,False
ACC_00027,2024-07-01,,,,,157749,202026.36,0.0,-44277.35999999999,1.281,13928,51,False,0,113661.0,Stable,6.0,43333.0,Declining,606000.0,Declining,True,1841145.0,False
ACC_00027,2024-08-01,,,,,158572,191271.36,0.0,-32699.359999999982,1.206,2571,23,False,0,114042.0,Stable,10.0,37561.0,Declining,676000.0,Declining,True,1930184.0,False
ACC_00027,2024-09-01,,,,,117740,199498.36,0.0,-81758.35999999999,1.694,9777,12,False,3,93402.0,Declining,6.0,20639.0,Declining,567000.0,Declining,True,2069671.0,False
ACC_00027,2024-10-01,,,,,100605,200817.36,0.0,-100212.36,1.996,8402,13,False,4,73580.0,Declining,2.0,21995.0,Declining,332000.0,Declining,False,2142800.0,True
ACC_00027,2024-11-01,,,,,70291,201246.36,0.0,-130955.36,2.863,1402,7,False,9,54645.0,Declining,7.0,12971.0,Declining,346000.0,Declining,False,1594411.0,False
ACC_00027,2024-12-01,,,,,72520,203202.36,0.0,-130682.36,2.802,227,13,False,9,53575.0,Declining,6.0,16085.0,Declining,332000.0,Declining,False,1706525.0,False
ACC_00028,2024-01-01,2024-01-06,2024-01-01,5.0,31000.0,32006,41235.5,6770.5,-9229.5,1.288,3386,23,False,0,,,,,,,,,,
ACC_00028,2024-02-01,2024-02-03,2024-02-01,2.0,31000.0,32311,40872.5,0.0,-8561.5,1.265,4423,29,False,0,,,,,,,,,,
ACC_00028,2024-03-01,2024-03-06,2024-03-01,5.0,31000.0,32514,41128.5,0.0,-8614.5,1.265,2505,5,False,2,,,,,,,,,,
ACC_00028,2024-04-01,2024-04-04,2024-04-01,3.0,31000.0,31260,42464.5,0.0,-11204.5,1.358,4067,34,False,0,,,,,,,,,,
ACC_00028,2024-05-01,2024-05-05,2024-05-01,4.0,30000.0,30539,41323.5,0.0,-10784.5,1.353,527,5,False,3,,,,,,,,,,
ACC_00028,2024-06-01,2024-06-03,2024-06-01,2.0,30000.0,31206,41705.5,0.0,-10499.5,1.336,4519,12,False,4,,,,,,,,,,
ACC_00028,2024-07-01,2024-07-07,2024-07-01,6.0,30000.0,31404,43269.5,0.0,-11865.5,1.378,4640,18,False,4,,,,,,,,,,
ACC_00028,2024-08-01,2024-08-08,2024-08-01,7.0,26000.0,26914,43527.5,0.0,-16613.5,1.617,1829,9,False,1,,,,,,,,,,
ACC_00028,2024-09-01,2024-09-06,2024-09-01,5.0,26000.0,26333,44438.5,0.0,-18105.5,1.688,349,19,True,10,,,,,,,,,,
ACC_00028,2024-10-01,2024-10-06,2024-10-01,5.0,26000.0,26561,43647.5,0.0,-17086.5,1.643,4439,14,False,6,,,,,,,,,,
ACC_00028,2024-11-01,2024-11-08,2024-11-01,7.0,26000.0,27123,43323.5,0.0,-16200.5,1.597,1663,20,False,13,,,,,,,,,,
ACC_00028,2024-12-01,2024-12-05,2024-12-01,4.0,25000.0,26260,43603.5,0.0,-17343.5,1.66,2941,13,False,13,,,,,,,,,,
ACC_00029,2024-01-01,2024-01-01,2024-01-01,0.0,121000.0,122973,83225.38,99747.62,39747.62,0.677,0,19,False,0,,,,,,,,,,
ACC_00029,2024-02-01,2024-02-01,2024-02-01,0.0,121000.0,126680,90969.38,135458.24,35710.619999999995,0.718,0,28,False,0,,,,,,,,,,
ACC_00029,2024-03-01,2024-03-01,2024-03-01,0.0,121000.0,126419,83325.38,178551.86,43093.62,0.659,0,32,False,0,,,,,,,,,,
ACC_00029,2024-04-01,2024-04-01,2024-04-01,0.0,121000.0,126552,87946.38,217157.48,38605.62,0.695,0,20,False,0,,,,,,,,,,
ACC_00029,2024-05-01,2024-05-01,2024-05-01,0.0,121000.0,121734,83023.38,255868.1,38710.62,0.682,0,17,False,0,,,,,,,,,,
ACC_00029,2024-06-01,2024-06-01,2024-06-01,0.0,121000.0,124157,86459.38,293565.72,37697.62,0.696,0,40,False,0,,,,,,,,,,
ACC_00029,2024-07-01,2024-07-01,2024-07-01,0.0,121000.0,126337,90125.38,329777.34,36211.62,0.713,0,30,False,0,,,,,,,,,,
ACC_00029,2024-08-01,2024-08-01,2024-08-01,0.0,121000.0,124645,86789.38,367632.96,37855.62,0.696,0,26,False,0,,,,,,,,,,
ACC_00029,2024-09-01,2024-09-01,2024-09-01,0.0,121000.0,124388,90756.38,401264.58,33631.619999999995,0.73,0,29,False,0,,,,,,,,,,
ACC_00029,2024-10-01,2024-10-01,2024-10-01,0.0,121000.0,124132,83183.38,442213.2,40948.62,0.67,0,30,False,0,,,,,,,,,,
ACC_00029,2024-11-01,2024-11-01,2024-11-01,0.0,121000.0,126659,82223.38,486648.82,44435.62,0.649,0,29,False,0,,,,,,,,,,
ACC_00029,2024-12-01,2024-12-01,2024-12-01,0.0,121000.0,124873,90926.38,520595.44,33946.619999999995,0.728,0,19,False,0,,,,,,,,,,
ACC_00030,2024-01-01,2024-01-01,2024-01-01,0.0,148000.0,154692,102211.22,126480.78,52480.78,0.661,0,29,False,0,,,,,,,,,,
ACC_00030,2024-02-01,2024-02-01,2024-02-01,0.0,148000.0,150452,94743.22,182189.56,55708.78,0.63,0,15,False,0,,,,,,,,,,
ACC_00030,2024-03-01,2024-03-01,2024-03-01,0.0,148000.0,152938,101219.22,233908.34,51718.78,0.662,0,32,False,0,,,,,,,,,,
ACC_00030,2024-04-01,2024-04-01,2024-04-01,0.0,148000.0,148581,101802.22,280687.12,46778.78,0.685,0,34,False,0,,,,,,,,,,
ACC_00030,2024-05-01,2024-05-01,2024-05-01,0.0,148000.0,149643,97699.22,332630.9,51943.78,0.653,0,23,False,0,,,,,,,,,,
ACC_00030,2024-06-01,2024-06-01,2024-06-01,0.0,148000.0,148360,99910.22,381080.68000000005,48449.78,0.673,0,21,False,0,,,,,,,,,,
ACC_00030,2024-07-01,2024-07-01,2024-07-01,0.0,148000.0,153350,102221.22,432209.4600000001,51128.78,0.667,0,29,False,0,,,,,,,,,,
ACC_00030,2024-08-01,2024-08-01,2024-08-01,0.0,148000.0,150089,97007.22,485291.2400000001,53081.78,0.646,0,21,False,0,,,,,,,,,,
ACC_00030,2024-09-01,2024-09-01,2024-09-01,0.0,148000.0,153956,97077.22,542170.0200000001,56878.78,0.631,0,26,False,0,,,,,,,,,,
ACC_00030,2024-10-01,2024-10-01,2024-10-01,0.0,148000.0,149180,92682.22,598667.8000000002,56497.78,0.621,0,25,False,0,,,,,,,,,,
ACC_00030,2024-11-01,2024-11-01,2024-11-01,0.0,148000.0,154586,95031.22,658222.5800000002,59554.78,0.615,0,16,False,0,,,,,,,,,,
ACC_00030,2024-12-01,2024-12-01,2024-12-01,0.0,148000.0,150764,95291.22,713695.3600000002,55472.78,0.632,0,25,False,0,,,,,,,,,,
ACC_00031,2024-01-01,2024-01-01,2024-01-01,0.0,49000.0,50240,52889.240000000005,21350.759999999995,-2649.240000000005,1.053,0,15,False,0,,,,,,,,,,
ACC_00031,2024-02-01,2024-02-01,2024-02-01,0.0,49000.0,50408,55202.240000000005,16556.51999999999,-4794.240000000005,1.095,0,32,False,0,,,,,,,,,,
ACC_00031,2024-03-01,2024-03-01,2024-03-01,0.0,49000.0,51147,52607.240000000005,15096.279999999984,-1460.2400000000052,1.029,0,25,False,0,,,,,,,,,,
ACC_00031,2024-04-01,2024-04-01,2024-04-01,0.0,49000.0,50431,54176.240000000005,11351.03999999998,-3745.240000000005,1.074,0,26,False,0,,,,,,,,,,
ACC_00031,2024-05-01,2024-05-01,2024-05-01,0.0,49000.0,49774,53179.240000000005,7945.799999999974,-3405.240000000005,1.068,0,35,False,0,,,,,,,,,,
ACC_00031,2024-06-01,2024-06-01,2024-06-01,0.0,49000.0,49161,52079.240000000005,5027.559999999969,-2918.240000000005,1.059,0,20,False,0,,,,,,,,,,
ACC_00031,2024-07-01,2024-07-01,2024-07-01,0.0,49000.0,51166,53355.240000000005,2838.319999999964,-2189.240000000005,1.043,0,36,False,0,,,,,,,,,,
ACC_00031,2024-08-01,2024-08-06,2024-08-01,5.0,49000.0,50337,52383.240000000005,792.0799999999581,-2046.2400000000048,1.041,0,38,False,0,,,,,,,,,,
ACC_00031,2024-09-01,2024-09-02,2024-09-01,1.0,49000.0,51015,53198.240000000005,0.0,-2183.240000000005,1.043,1189,15,False,0,,,,,,,,,,
ACC_00031,2024-10-01,2024-10-03,2024-10-01,2.0,48000.0,48209,51868.240000000005,0.0,-3659.240000000005,1.076,6929,7,False,5,,,,,,,,,,
ACC_00031,2024-11-01,2024-11-04,2024-11-01,3.0,48000.0,48974,53365.240000000005,0.0,-4391.240000000005,1.09,4833,8,False,3,,,,,,,,,,
ACC_00031,2024-12-01,2024-12-08,2024-12-01,7.0,47000.0,47193,53914.240000000005,0.0,-6721.240000000005,1.142,4912,6,False,5,,,,,,,,,,
ACC_00032,2024-01-01,,,,,108474,78715.28,97758.72,29758.72,0.726,0,28,False,0,81609.0,Stable,12.0,26020.0,Stable,674000.0,Stable,True,1379581.0,False
ACC_00032,2024-02-01,,,,,97215,80453.28,114520.44,16761.72,0.828,0,41,False,0,74313.0,Stable,6.0,20072.0,Stable,576000.0,Stable,True,1588839.0,False
ACC_00032,2024-03-01,,,,,127145,73947.28,167718.16,53197.72,0.582,0,44,False,0,105209.0,Stable,15.0,16080.0,Stable,516000.0,Stable,True,1272385.0,False
ACC_00032,2024-04-01,,,,,107267,74739.28,200245.88,32527.72,0.697,0,40,False,0,80172.0,Stable,9.0,20868.0,Stable,469000.0,Stable,True,1184649.0,False
ACC_00032,2024-05-01,,,,,116431,73931.28,242745.6,42499.72,0.635,0,31,False,0,95439.0,Stable,7.0,18689.0,Stable,604000.0,Stable,True,1359462.0,False
ACC_00032,2024-06-01,,,,,116568,78609.28,280704.32,37958.72,0.674,0,32,False,0,93439.0,Stable,10.0,19552.0,Stable,562000.0,Stable,True,1419702.0,False
ACC_00032,2024-07-01,,,,,90286,75823.28,295167.04000000004,14462.72,0.84,1684,45,False,0,76554.0,Declining,10.0,13193.0,Declining,386000.0,Declining,True,1597449.0,False
ACC_00032,2024-08-01,,,,,79541,71853.28,302854.76,7687.720000000001,0.903,6412,5,False,3,62131.0,Stable,5.0,13711.0,Declining,465000.0,Declining,True,1277729.0,False
ACC_00032,2024-09-01,,,,,90634,75424.28,318064.48,15209.72,0.832,2849,5,False,4,65019.0,Stable,5.0,23852.0,Declining,393000.0,Declining,True,1328755.0,False
ACC_00032,2024-10-01,,,,,58316,72095.28,304285.19999999995,-13779.28,1.236,838,8,False,5,44092.0,Declining,6.0,10724.0,Declining,331000.0,Declining,False,1497056.0,True
ACC_00032,2024-11-01,,,,,51513,78869.28,276928.9199999999,-27356.28,1.531,40,11,False,5,42052.0,Declining,6.0,6807.0,Declining,234000.0,Declining,False,1351305.0,False
ACC_00032,2024-12-01,,,,,55223,75259.28,256892.63999999996,-20036.28,1.363,1463,18,False,14,40094.0,Declining,7.0,14845.0,Declining,189000.0,Declining,False,1612171.0,False
ACC_00033,2024-01-01,2024-01-01,2024-01-01,0.0,73000.0,73245,60616.36,48628.64,12628.64,0.828,0,34,False,0,,,,,,,,,,
ACC_00033,2024-02-01,2024-02-01,2024-02-01,0.0,73000.0,76649,59100.36,66177.28,17548.64,0.771,0,16,False,0,,,,,,,,,,
ACC_00033,2024-03-01,2024-03-01,2024-03-01,0.0,73000.0,73961,59402.36,80735.92,14558.64,0.803,0,24,False,0,,,,,,,,,,
ACC_00033,2024-04-01,2024-04-01,2024-04-01,0.0,73000.0,75607,60602.36,95740.56,15004.64,0.802,0,15,False,0,,,,,,,,,,
ACC_00033,2024-05-01,2024-05-01,2024-05-01,0.0,73000.0,73368,56942.36,112166.2,16425.64,0.776,0,31,False,0,,,,,,,,,,
ACC_00033,2024-06-01,2024-06-01,2024-06-01,0.0,73000.0,76009,58192.36,129982.84,17816.64,0.766,0,21,False,0,,,,,,,,,,
ACC_00033,2024-07-01,2024-07-01,2024-07-01,0.0,73000.0,74554,56028.36,148508.47999999998,18525.64,0.752,0,31,False,0,,,,,,,,,,
ACC_00033,2024-08-01,2024-08-01,2024-08-01,0.0,73000.0,76595,56405.36,168698.12,20189.64,0.736,0,29,False,0,,,,,,,,,,
ACC_00033,2024-09-01,2024-09-04,2024-09-01,3.0,73000.0,75288,58167.36,185818.76,17120.64,0.773,647,21,False,0,,,,,,,,,,
ACC_00033,2024-10-01,2024-10-02,2024-10-01,1.0,72000.0,73035,57544.36,201309.4,15490.64,0.788,10435,20,False,2,,,,,,,,,,
ACC_00033,2024-11-01,2024-11-04,2024-11-01,3.0,72000.0,73674,56264.36,218719.04000000004,17409.64,0.764,3520,18,False,2,,,,,,,,,,
ACC_00033,2024-12-01,2024-12-05,2024-12-01,4.0,71000.0,72355,55444.36,235629.68000000005,16910.64,0.766,4076,11,False,1,,,,,,,,,,
ACC_00034,2024-01-01,2024-01-01,2024-01-01,0.0,145000.0,147649,94747.93,124901.07,52901.07000000001,0.642,0,34,False,0,,,,,,,,,,
ACC_00034,2024-02-01,2024-02-01,2024-02-01,0.0,145000.0,146816,91454.93,180262.14,55361.07000000001,0.623,0,21,False,0,,,,,,,,,,
ACC_00034,2024-03-01,2024-03-01,2024-03-01,0.0,145000.0,150620,89485.93,241396.21,61134.07000000001,0.594,0,36,False,0,,,,,,,,,,
ACC_00034,2024-04-01,2024-04-01,2024-04-01,0.0,145000.0,150527,84834.93,307088.28,65692.07,0.564,0,33,False,0,,,,,,,,,,
ACC_00034,2024-05-01,2024-05-01,2024-05-01,0.0,145000.0,147185,94857.93,359415.35000000003,52327.07000000001,0.644,0,28,False,0,,,,,,,,,,
ACC_00034,2024-06-01,2024-06-01,2024-06-01,0.0,145000.0,146558,89142.93,416830.42,57415.07000000001,0.608,0,32,False,0,,,,,,,,,,
ACC_00034,2024-07-01,2024-07-01,2024-07-01,0.0,145000.0,145414,86722.93,475521.4900000001,58691.07000000001,0.596,0,26,False,0,,,,,,,,,,
ACC_00034,2024-08-01,2024-08-01,2024-08-01,0.0,145000.0,145489,90782.93,530227.56,54706.07000000001,0.624,0,34,False,0,,,,,,,,,,
ACC_00034,2024-09-01,2024-09-01,2024-09-01,0.0,145000.0,149070,91164.93,588132.6300000001,57905.07000000001,0.612,0,39,False,0,,,,,,,,,,
ACC_00034,2024-10-01,2024-10-01,2024-10-01,0.0,145000.0,149774,86138.93,651767.7000000002,63635.07000000001,0.575,0,17,False,0,,,,,,,,,,
ACC_00034,2024-11-01,2024-11-01,2024-11-01,0.0,145000.0,148362,90273.93,709855.7700000003,58088.07000000001,0.608,0,32,False,0,,,,,,,,,,
ACC_00034,2024-12-01,2024-12-01,2024-12-01,0.0,145000.0,150312,87663.93,772503.8400000003,62648.07000000001,0.583,0,18,False,0,,,,,,,,,,
ACC_00035,2024-01-01,,,,,223030,121514.93,239515.07,101515.07,0.545,0,45,False,0,172810.0,Stable,10.0,48825.0,Stable,1383000.0,Stable,True,3282823.0,False
ACC_00035,2024-02-01,,,,,223298,130892.93,331920.14,92405.07,0.586,0,44,False,0,180884.0,Stable,8.0,30612.0,Stable,938000.0,Stable,True,2716505.0,True
ACC_00035,2024-03-01,,,,,216467,120647.93,427739.21,95819.07,0.557,0,53,False,0,171520.0,Stable,15.0,34012.0,Stable,1043000.0,Stable,True,3278091.0,False
ACC_00035,2024-04-01,,,,,223780,135765.93,515753.28,88014.07,0.607,0,42,False,0,158739.0,Stable,12.0,56319.0,Stable,1315000.0,Stable,True,2918262.0,False
ACC_00035,2024-05-01,,,,,244359,120801.93,639310.3500000001,123557.07,0.494,0,25,False,0,213650.0,Stable,10.0,28032.0,Stable,1145000.0,Stable,True,3133824.0,True
ACC_00035,2024-06-01,,,,,240560,138609.93,741260.4200000002,101950.07,0.576,0,57,False,0,192231.0,Stable,7.0,44665.0,Stable,1290000.0,Stable,True,2561920.0,False
ACC_00035,2024-07-01,,,,,259622,135134.93,865747.4900000002,124487.07,0.521,0,44,False,0,213424.0,Stable,9.0,36688.0,Stable,931000.0,Stable,True,2590076.0,False
ACC_00035,2024-08-01,,,,,240904,130164.93,976486.5600000004,110739.07,0.54,0,36,False,0,160013.0,Stable,11.0,73230.0,Stable,1240000.0,Stable,True,2755726.0,False
ACC_00035,2024-09-01,,,,,254183,124365.93,1106303.6300000004,129817.07,0.489,0,44,False,0,199715.0,Stable,5.0,52957.0,Stable,1335000.0,Stable,True,2704803.0,False
ACC_00035,2024-10-01,,,,,259126,127295.93,1238133.7000000004,131830.07,0.491,0,43,False,0,190416.0,Stable,5.0,57445.0,Stable,1004000.0,Stable,True,2870162.0,False
ACC_00035,2024-11-01,,,,,292299,118122.93,1412309.7700000005,174176.07,0.404,0,23,False,0,217983.0,Stable,9.0,71171.0,Stable,969000.0,Stable,True,3056323.0,False
ACC_00035,2024-12-01,,,,,284653,120547.93,1576414.8400000003,164105.07,0.423,0,59,False,0,208301.0,Stable,9.0,65010.0,Stable,1290000.0,Stable,True,2591302.0,False
ACC_00036,2024-01-01,2024-01-04,2024-01-01,3.0,47000.0,48940,48680.12,24259.880000000005,259.88000000000466,0.995,652,16,False,0,,,,,,,,,,
ACC_00036,2024-02-01,2024-02-04,2024-02-01,3.0,47000.0,47817,50034.12,22042.76000000001,-2217.119999999996,1.046,4366,17,False,0,,,,,,,,,,
ACC_00036,2024-03-01,2024-03-06,2024-03-01,5.0,46000.0,48317,48799.12,21560.64000000001,-482.11999999999534,1.01,1791,14,False,3,,,,,,,,,,
ACC_00036,2024-04-01,2024-04-06,2024-04-01,5.0,47000.0,48776,50378.12,19958.52000000002,-1602.1199999999951,1.033,4265,15,False,0,,,,,,,,,,
ACC_00036,2024-05-01,2024-05-05,2024-05-01,4.0,46000.0,46298,50923.12,15333.400000000023,-4625.119999999995,1.1,6428,16,False,3,,,,,,,,,,
ACC_00036,2024-06-01,2024-06-06,2024-06-01,5.0,46000.0,46962,49104.12,13191.280000000028,-2142.119999999996,1.046,2173,7,False,5,,,,,,,,,,
ACC_00036,2024-07-01,2024-07-06,2024-07-01,5.0,45000.0,46770,52577.12,7384.160000000033,-5807.119999999995,1.124,4833,14,False,1,,,,,,,,,,
ACC_00036,2024-08-01,2024-08-05,2024-08-01,4.0,40000.0,40780,54751.12,0.0,-13971.119999999995,1.343,3110,9,False,3,,,,,,,,,,
ACC_00036,2024-09-01,2024-09-10,2024-09-01,9.0,40000.0,41384,54248.12,0.0,-12864.119999999995,1.311,5513,5,True,8,,,,,,,,,,
ACC_00036,2024-10-01,2024-10-08,2024-10-01,7.0,39000.0,40546,53211.12,0.0,-12665.119999999995,1.312,5642,14,False,7,,,,,,,,,,
ACC_00036,2024-11-01,2024-11-10,2024-11-01,9.0,39000.0,39780,52016.12,0.0,-12236.119999999995,1.308,1621,18,False,10,,,,,,,,,,
ACC_00036,2024-12-01,2024-12-08,2024-12-01,7.0,38000.0,39738,53182.12,0.0,-13444.119999999995,1.338,1293,15,True,6,,,,,,,,,,
ACC_00037,2024-01-01,2024-01-01,2024-01-01,0.0,61000.0,62837,58828.5,34008.5,4008.5,0.936,0,34,False,0,,,,,,,,,,
ACC_00037,2024-02-01,2024-02-01,2024-02-01,0.0,61000.0,63075,57146.5,39937.0,5928.5,0.906,0,34,False,0,,,,,,,,,,
ACC_00037,2024-03-01,2024-03-01,2024-03-01,0.0,61000.0,62093,59364.5,42665.5,2728.5,0.956,0,18,False,0,,,,,,,,,,
ACC_00037,2024-04-01,2024-04-01,2024-04-01,0.0,61000.0,62291,56997.5,47959.0,5293.5,0.915,0,33,False,0,,,,,,,,,,
ACC_00037,2024-05-01,2024-05-01,2024-05-01,0.0,61000.0,62258,60032.5,50184.5,2225.5,0.964,0,26,False,0,,,,,,,,,,
ACC_00037,2024-06-01,2024-06-01,2024-06-01,0.0,61000.0,63500,57955.5,55729.0,5544.5,0.913,0,26,False,0,,,,,,,,,,
ACC_00037,2024-07-01,2024-07-01,2024-07-01,0.0,61000.0,61243,58958.5,58013.5,2284.5,0.963,0,17,False,0,,,,,,,,,,
ACC_00037,2024-08-01,2024-08-01,2024-08-01,0.0,61000.0,61113,56667.5,62459.0,4445.5,0.927,0,32,False,0,,,,,,,,,,
ACC_00037,2024-09-01,2024-09-01,2024-09-01,0.0,61000.0,61785,60184.5,64059.5,1600.5,0.974,0,29,False,0,,,,,,,,,,
ACC_00037,2024-10-01,2024-10-01,2024-10-01,0.0,61000.0,63426,58985.5,68500.0,4440.5,0.93,0,15,False,0,,,,,,,,,,
ACC_00037,2024-11-01,2024-11-01,2024-11-01,0.0,61000.0,63807,57332.5,74974.5,6474.5,0.899,0,32,False,0,,,,,,,,,,
ACC_00037,2024-12-01,2024-12-01,2024-12-01,0.0,61000.0,61652,59249.5,77377.0,2402.5,0.961,0,29,False,0,,,,,,,,,,
ACC_00038,2024-01-01,2024-01-01,2024-01-01,0.0,86000.0,90195,69828.16,63366.84,20366.84,0.774,0,18,False,0,,,,,,,,,,
ACC_00038,2024-02-01,2024-02-01,2024-02-01,0.0,86000.0,86136,67343.16,82159.68,18792.84,0.782,0,23,False,0,,,,,,,,,,
ACC_00038,2024-03-01,2024-03-01,2024-03-01,0.0,86000.0,88054,72738.16,97475.52,15315.839999999997,0.826,0,29,False,0,,,,,,,,,,
ACC_00038,2024-04-01,2024-04-01,2024-04-01,0.0,86000.0,86946,68249.16,116172.36,18696.84,0.785,0,25,False,0,,,,,,,,,,
ACC_00038,2024-05-01,2024-05-01,2024-05-01,0.0,86000.0,88302,71777.16,132697.19999999998,16524.839999999997,0.813,0,16,False,0,,,,,,,,,,
ACC_00038,2024-06-01,2024-06-01,2024-06-01,0.0,86000.0,90205,71853.16,151049.03999999998,18351.84,0.797,0,38,False,0,,,,,,,,,,
ACC_00038,2024-07-01,2024-07-01,2024-07-01,0.0,86000.0,89813,67316.16,173545.87999999998,22496.84,0.75,0,21,False,0,,,,,,,,,,
ACC_00038,2024-08-01,2024-08-01,2024-08-01,0.0,86000.0,87442,66841.16,194146.72,20600.84,0.764,0,30,False,0,,,,,,,,,,
ACC_00038,2024-09-01,2024-09-01,2024-09-01,0.0,86000.0,90288,70115.16,214319.56,20172.84,0.777,0,20,False,0,,,,,,,,,,
ACC_00038,2024-10-01,2024-10-01,2024-10-01,0.0,86000.0,87537,72655.16,229201.4,14881.839999999997,0.83,0,29,False,0,,,,,,,,,,
ACC_00038,2024-11-01,2024-11-01,2024-11-01,0.0,86000.0,89393,67638.16,250956.24,21754.84,0.757,0,30,False,0,,,,,,,,,,
ACC_00038,2024-12-01,2024-12-01,2024-12-01,0.0,86000.0,87371,69694.16,268633.08,17676.839999999997,0.798,0,40,False,0,,,,,,,,,,
ACC_00039,2024-01-01,2024-01-01,2024-01-01,0.0,124000.0,124558,74261.11,112296.89,50296.89,0.596,0,34,False,0,,,,,,,,,,
ACC_00039,2024-02-01,2024-02-01,2024-02-01,0.0,124000.0,127052,74982.11,164366.78,52069.89,0.59,0,35,False,0,,,,,,,,,,
ACC_00039,2024-03-01,2024-03-01,2024-03-01,0.0,124000.0,127093,73809.11,217650.67,53283.89,0.581,0,22,False,0,,,,,,,,,,
ACC_00039,2024-04-01,2024-04-01,2024-04-01,0.0,124000.0,128896,76145.11,270401.56,52750.89,0.591,0,31,False,0,,,,,,,,,,
ACC_00039,2024-05-01,2024-05-01,2024-05-01,0.0,124000.0,124129,78318.11,316212.45,45810.89,0.631,0,28,False,0,,,,,,,,,,
ACC_00039,2024-06-01,2024-06-01,2024-06-01,0.0,124000.0,127653,81413.11,362452.34,46239.89,0.638,0,29,False,0,,,,,,,,,,
ACC_00039,2024-07-01,2024-07-01,2024-07-01,0.0,124000.0,125619,77475.11,410596.23,48143.89,0.617,0,40,False,0,,,,,,,,,,
ACC_00039,2024-08-01,2024-08-01,2024-08-01,0.0,124000.0,129509,76853.11,463252.12000000005,52655.89,0.593,0,20,False,0,,,,,,,,,,
ACC_00039,2024-09-01,2024-09-01,2024-09-01,0.0,124000.0,129321,80816.11,511757.01000000007,48504.89,0.625,0,29,False,0,,,,,,,,,,
ACC_00039,2024-10-01,2024-10-01,2024-10-01,0.0,124000.0,127722,77342.11,562136.9,50379.89,0.606,0,19,False,0,,,,,,,,,,
ACC_00039,2024-11-01,2024-11-01,2024-11-01,0.0,124000.0,125561,79305.11,608392.79,46255.89,0.632,0,36,False,0,,,,,,,,,,
ACC_00039,2024-12-01,2024-12-01,2024-12-01,0.0,124000.0,125046,80124.11,653314.68,44921.89,0.641,0,21,False,0,,,,,,,,,,
ACC_00040,2024-01-01,2024-01-01,2024-01-01,0.0,77000.0,79744,55788.66,61955.34,23955.34,0.7,0,17,False,0,,,,,,,,,,
ACC_00040,2024-02-01,2024-02-01,2024-02-01,0.0,77000.0,77216,54134.66,85036.68,23081.34,0.701,0,17,False,0,,,,,,,,,,
ACC_00040,2024-03-01,2024-03-01,2024-03-01,0.0,77000.0,78189,56085.66,107140.02,22103.34,0.717,0,17,False,0,,,,,,,,,,
ACC_00040,2024-04-01,2024-04-01,2024-04-01,0.0,77000.0,80848,50773.66,137214.36,30074.34,0.628,0,27,False,0,,,,,,,,,,
ACC_00040,2024-05-01,2024-05-01,2024-05-01,0.0,77000.0,80437,51598.66,166052.69999999998,28838.34,0.641,0,25,False,0,,,,,,,,,,
ACC_00040,2024-06-01,2024-06-01,2024-06-01,0.0,77000.0,79564,53055.66,192561.04,26508.34,0.667,0,36,False,0,,,,,,,,,,
ACC_00040,2024-07-01,2024-07-01,2024-07-01,0.0,77000.0,77778,53769.66,216569.38,24008.34,0.691,0,28,False,0,,,,,,,,,,
ACC_00040,2024-08-01,2024-08-01,2024-08-01,0.0,77000.0,78430,50223.66,244775.72,28206.34,0.64,0,24,False,0,,,,,,,,,,
ACC_00040,2024-09-01,2024-09-01,2024-09-01,0.0,77000.0,79962,50663.66,274074.05999999994,29298.34,0.634,0,28,False,0,,,,,,,,,,
ACC_00040,2024-10-01,2024-10-01,2024-10-01,0.0,77000.0,78141,53236.66,298978.3999999999,24904.34,0.681,0,18,False,0,,,,,,,,,,
ACC_00040,2024-11-01,2024-11-01,2024-11-01,0.0,77000.0,80081,53893.66,325165.7399999999,26187.34,0.673,0,34,False,0,,,,,,,,,,
ACC_00040,2024-12-01,2024-12-01,2024-12-01,0.0,77000.0,78738,54778.66,349125.07999999984,23959.34,0.696,0,19,False,0,,,,,,,,,,
ACC_00041,2024-01-01,2024-01-01,2024-01-01,0.0,42000.0,42269,47739.81,15529.190000000002,-5470.809999999998,1.129,0,18,False,0,,,,,,,,,,
ACC_00041,2024-02-01,2024-02-01,2024-02-01,0.0,42000.0,42578,48244.81,9862.380000000005,-5666.809999999998,1.133,0,40,False,0,,,,,,,,,,
ACC_00041,2024-03-01,2024-03-01,2024-03-01,0.0,42000.0,42321,49127.81,3055.570000000007,-6806.809999999998,1.161,0,35,False,0,,,,,,,,,,
ACC_00041,2024-04-01,2024-04-01,2024-04-01,0.0,42000.0,42174,49199.81,0.0,-7025.809999999998,1.167,0,23,False,0,,,,,,,,,,
ACC_00041,2024-05-01,2024-05-01,2024-05-01,0.0,42000.0,43948,49687.81,0.0,-5739.809999999998,1.131,0,22,False,0,,,,,,,,,,
ACC_00041,2024-06-01,2024-06-01,2024-06-01,0.0,42000.0,43912,46896.81,0.0,-2984.8099999999977,1.068,0,22,False,0,,,,,,,,,,
ACC_00041,2024-07-01,2024-07-01,2024-07-01,0.0,42000.0,43084,48426.81,0.0,-5342.809999999998,1.124,0,22,False,0,,,,,,,,,,
ACC_00041,2024-08-01,2024-08-01,2024-08-01,0.0,42000.0,43643,47364.81,0.0,-3721.8099999999977,1.085,0,26,False,0,,,,,,,,,,
ACC_00041,2024-09-01,2024-09-02,2024-09-01,1.0,42000.0,42117,49997.81,0.0,-7880.809999999998,1.187,2072,16,False,0,,,,,,,,,,
ACC_00041,2024-10-01,2024-10-05,2024-10-01,4.0,41000.0,42515,47185.81,0.0,-4670.809999999998,1.11,2063,15,False,2,,,,,,,,,,
ACC_00041,2024-11-01,2024-11-06,2024-11-01,5.0,41000.0,41258,48751.81,0.0,-7493.809999999998,1.182,2611,8,False,2,,,,,,,,,,
ACC_00041,2024-12-01,2024-12-12,2024-12-01,11.0,41000.0,42402,49159.81,0.0,-6757.809999999998,1.159,91,16,False,2,,,,,,,,,,
ACC_00042,2024-01-01,2024-01-04,2024-01-01,3.0,59000.0,61436,56167.29,35268.71,5268.709999999999,0.914,5522,24,False,0,,,,,,,,,,
ACC_00042,2024-02-01,2024-02-06,2024-02-01,5.0,58000.0,60424,52846.29,42846.42,7577.709999999999,0.875,1726,9,False,4,,,,,,,,,,
ACC_00042,2024-03-01,2024-03-02,2024-03-01,1.0,59000.0,59469,52300.29,50015.13,7168.709999999999,0.879,7239,27,False,0,,,,,,,,,,
ACC_00042,2024-04-01,2024-04-05,2024-04-01,4.0,58000.0,60606,56348.29,54272.84,4257.709999999999,0.93,1291,25,False,0,,,,,,,,,,
ACC_00042,2024-05-01,2024-05-03,2024-05-01,2.0,58000.0,59946,56237.29,57981.55,3708.709999999999,0.938,6481,19,False,1,,,,,,,,,,
ACC_00042,2024-06-01,2024-06-02,2024-06-01,1.0,58000.0,60517,53206.29,65292.26,7310.709999999999,0.879,6291,20,False,1,,,,,,,,,,
ACC_00042,2024-07-01,2024-07-09,2024-07-01,8.0,57000.0,59284,52111.29,72464.97,7172.709999999999,0.879,4232,12,False,3,,,,,,,,,,
ACC_00042,2024-08-01,2024-08-08,2024-08-01,7.0,51000.0,53201,59003.29,66662.68,-5802.290000000001,1.109,6229,14,False,3,,,,,,,,,,
ACC_00042,2024-09-01,2024-09-08,2024-09-01,7.0,50000.0,50611,57172.29,60101.38999999999,-6561.290000000001,1.13,5336,16,True,11,,,,,,,,,,
ACC_00042,2024-10-01,2024-10-08,2024-10-01,7.0,49000.0,50649,57677.29,53073.09999999999,-7028.290000000001,1.139,2805,20,False,5,,,,,,,,,,
ACC_00042,2024-11-01,2024-11-05,2024-11-01,4.0,49000.0,49026,60009.29,42089.80999999999,-10983.29,1.224,3520,17,False,13,,,,,,,,,,
ACC_00042,2024-12-01,2024-12-08,2024-12-01,7.0,48000.0,50637,59790.29,32936.51999999999,-9153.29,1.181,6444,10,False,9,,,,,,,,,,
ACC_00043,2024-01-01,,,,,94164,50403.93,92760.07,43760.07,0.535,0,45,False,0,74403.0,Stable,13.0,15597.0,Stable,303000.0,Stable,True,1131742.0,False
ACC_00043,2024-02-01,,,,,69110,54056.93,107813.14,15053.07,0.782,0,50,False,0,56962.0,Stable,13.0,10533.0,Stable,342000.0,Stable,True,1102187.0,False
ACC_00043,2024-03-01,,,,,71952,52135.93,127629.21000000002,19816.07,0.725,0,37,False,0,56560.0,Stable,9.0,12885.0,Stable,383000.0,Stable,True,1012392.0,False
ACC_00043,2024-04-01,,,,,91015,52381.93,166262.28000000003,38633.07,0.576,0,56,False,0,70773.0,Declining,7.0,17043.0,Declining,425000.0,Declining,True,1080335.0,True
ACC_00043,2024-05-01,,,,,80706,56358.93,190609.35000000003,24347.07,0.698,0,27,False,0,66051.0,Stable,10.0,9912.0,Stable,359000.0,Stable,True,1012818.0,True
ACC_00043,2024-06-01,,,,,88402,54878.93,224132.42000000004,33523.07,0.621,0,40,False,0,68616.0,Stable,13.0,17621.0,Stable,487000.0,Stable,True,1023319.0,False
ACC_00043,2024-07-01,,,,,61367,56252.93,229246.49000000005,5114.07,0.917,6946,39,False,0,47723.0,Stable,10.0,10974.0,Declining,314000.0,Declining,True,899567.0,True
ACC_00043,2024-08-01,,,,,75286,55538.93,248993.56000000008,19747.07,0.738,1958,13,False,1,53229.0,Stable,3.0,19717.0,Declining,247000.0,Declining,True,975800.0,False
ACC_00043,2024-09-01,,,,,65550,52336.93,262206.63000000006,13213.07,0.798,155,12,False,6,45502.0,Stable,4.0,17435.0,Declining,258000.0,Declining,True,1163463.0,False
ACC_00043,2024-10-01,,,,,53410,53092.93,262523.70000000007,317.0699999999997,0.994,1025,6,False,2,37591.0,Declining,4.0,15200.0,Declining,210000.0,Declining,False,1175764.0,False
ACC_00043,2024-11-01,,,,,36982,56256.93,243248.77000000008,-19274.93,1.521,957,14,False,4,30472.0,Declining,6.0,4937.0,Declining,225000.0,Declining,False,1046602.0,False
ACC_00043,2024-12-01,,,,,28387,50717.93,220917.84000000008,-22330.93,1.787,2354,17,False,13,22579.0,Declining,7.0,4128.0,Declining,117000.0,Declining,False,1013548.0,False
ACC_00044,2024-01-01,,,,,264877,188970.38,219906.62,75906.62,0.713,0,22,False,0,202775.0,Stable,5.0,51585.0,Stable,947000.0,Stable,True,3317908.0,False
ACC_00044,2024-02-01,,,,,218159,196077.38,241988.24,22081.619999999995,0.899,0,49,False,0,176371.0,Stable,9.0,33740.0,Stable,1016000.0,Stable,True,3422305.0,False
ACC_00044,2024-03-01,,,,,233300,192785.38,282502.86,40514.62,0.826,0,52,False,0,188097.0,Stable,12.0,37044.0,Stable,1069000.0,Stable,True,2549473.0,False
ACC_00044,2024-04-01,,,,,303440,186611.38,399331.48,116828.62,0.615,0,42,False,0,222904.0,Stable,11.0,70976.0,Stable,1278000.0,Stable,True,2881863.0,False
ACC_00044,2024-05-01,,,,,263093,183153.38,479271.1,79939.62,0.696,0,28,False,0,177423.0,Stable,9.0,71909.0,Stable,1149000.0,Stable,True,2801088.0,True
ACC_00044,2024-06-01,,,,,250662,190038.38,539894.72,60623.62,0.758,0,24,False,0,188997.0,Stable,13.0,61197.0,Stable,981000.0,Stable,True,3416192.0,False
ACC_00044,2024-07-01,,,,,243184,191807.38,591271.34,51376.62,0.789,0,27,False,0,191883.0,Stable,8.0,38335.0,Stable,1053000.0,Stable,True,2702603.0,True
ACC_00044,2024-08-01,,,,,261516,196961.38,655825.96,64554.62,0.753,0,56,False,0,186649.0,Stable,15.0,68515.0,Stable,1354000.0,Stable,True,3015551.0,False
ACC_00044,2024-09-01,,,,,309772,175715.38,789882.58,134056.62,0.567,0,58,False,0,223112.0,Stable,11.0,79808.0,Stable,1344000.0,Stable,True,3380940.0,False
ACC_00044,2024-10-01,,,,,240321,178606.38,851597.2,61714.62,0.743,0,57,False,0,190214.0,Stable,8.0,43090.0,Stable,1187000.0,Stable,True,2815759.0,False
ACC_00044,2024-11-01,,,,,265136,189812.38,926920.82,75323.62,0.716,0,29,False,0,219734.0,Stable,11.0,40940.0,Stable,1073000.0,Stable,True,2699036.0,False
ACC_00044,2024-12-01,,,,,296736,179831.38,1043825.44,116904.62,0.606,0,58,False,0,221765.0,Stable,11.0,68622.0,Stable,987000.0,Stable,True,3131382.0,False
ACC_00045,2024-01-01,2024-01-01,2024-01-01,0.0,119000.0,124843,92827.51,92015.49,32015.490000000005,0.744,0,17,False,0,,,,,,,,,,
ACC_00045,2024-02-01,2024-02-01,2024-02-01,0.0,119000.0,121053,93550.51,119517.98,27502.490000000005,0.773,0,20,False,0,,,,,,,,,,
ACC_00045,2024-03-01,2024-03-01,2024-03-01,0.0,119000.0,124744,88115.51,156146.47000000003,36628.490000000005,0.706,0,38,False,0,,,,,,,,,,
ACC_00045,2024-04-01,2024-04-01,2024-04-01,0.0,119000.0,120838,89695.51,187288.96,31142.490000000005,0.742,0,20,False,0,,,,,,,,,,
ACC_00045,2024-05-01,2024-05-01,2024-05-01,0.0,119000.0,123721,93141.51,217868.45,30579.490000000005,0.753,0,32,False,0,,,,,,,,,,
ACC_00045,2024-06-01,2024-06-01,2024-06-01,0.0,119000.0,119657,94750.51,242774.94,24906.490000000005,0.792,0,27,False,0,,,,,,,,,,
ACC_00045,2024-07-01,2024-07-01,2024-07-01,0.0,119000.0,121526,92959.51,271341.43,28566.490000000005,0.765,0,15,False,0,,,,,,,,,,
ACC_00045,2024-08-01,2024-08-01,2024-08-01,0.0,119000.0,122650,93997.51,299993.92,28652.490000000005,0.766,0,24,False,0,,,,,,,,,,
ACC_00045,2024-09-01,2024-09-01,2024-09-01,0.0,119000.0,123913,92802.51,331104.41,31110.490000000005,0.749,0,15,False,0,,,,,,,,,,
ACC_00045,2024-10-01,2024-10-01,2024-10-01,0.0,119000.0,124516,96566.51,359053.9,27949.490000000005,0.776,0,39,False,0,,,,,,,,,,
ACC_00045,2024-11-01,2024-11-01,2024-11-01,0.0,119000.0,122671,89911.51,391813.39,32759.490000000005,0.733,0,19,False,0,,,,,,,,,,
ACC_00045,2024-12-01,2024-12-01,2024-12-01,0.0,119000.0,120154,93282.51,418684.88,26871.490000000005,0.776,0,29,False,0,,,,,,,,,,
ACC_00046,2024-01-01,2024-01-01,2024-01-01,0.0,111000.0,114912,115170.22,55741.78,-258.2200000000012,1.002,0,33,False,0,,,,,,,,,,
ACC_00046,2024-02-01,2024-02-01,2024-02-01,0.0,111000.0,111071,113773.22,53039.56,-2702.220000000001,1.024,0,22,False,0,,,,,,,,,,
ACC_00046,2024-03-01,2024-03-01,2024-03-01,0.0,111000.0,112401,113882.22,51558.34,-1481.2200000000012,1.013,0,16,False,0,,,,,,,,,,
ACC_00046,2024-04-01,2024-04-01,2024-04-01,0.0,111000.0,116284,106959.22,60883.12,9324.78,0.92,0,24,False,0,,,,,,,,,,
ACC_00046,2024-05-01,2024-05-01,2024-05-01,0.0,111000.0,115402,112307.22,63977.9,3094.779999999999,0.973,0,27,False,0,,,,,,,,,,
ACC_00046,2024-06-01,2024-06-01,2024-06-01,0.0,111000.0,116189,108501.22,71665.68,7687.779999999999,0.934,0,22,False,0,,,,,,,,,,
ACC_00046,2024-07-01,2024-07-01,2024-07-01,0.0,111000.0,115730,113587.22,73808.45999999999,2142.779999999999,0.981,0,22,False,0,,,,,,,,,,
ACC_00046,2024-08-01,2024-08-01,2024-08-01,0.0,111000.0,112612,109068.22,77352.23999999999,3543.779999999999,0.969,0,38,False,0,,,,,,,,,,
ACC_00046,2024-09-01,2024-09-01,2024-09-01,0.0,111000.0,112173,109742.22,79783.01999999999,2430.779999999999,0.978,0,27,False,0,,,,,,,,,,
ACC_00046,2024-10-01,2024-10-01,2024-10-01,0.0,111000.0,113776,108130.22,85428.79999999999,5645.779999999999,0.95,0,35,False,0,,,,,,,,,,
ACC_00046,2024-11-01,2024-11-01,2024-11-01,0.0,111000.0,114955,107401.22,92982.58,7553.779999999999,0.934,0,40,False,0,,,,,,,,,,
ACC_00046,2024-12-01,2024-12-01,2024-12-01,0.0,111000.0,112012,107464.22,97530.36,4547.779999999999,0.959,0,40,False,0,,,,,,,,,,
ACC_00047,2024-01-01,2024-01-01,2024-01-01,0.0,52000.0,54568,47683.36,32884.64,6884.639999999999,0.874,0,32,False,0,,,,,,,,,,
ACC_00047,2024-02-01,2024-02-01,2024-02-01,0.0,52000.0,54340,46933.36,40291.28,7406.639999999999,0.864,0,35,False,0,,,,,,,,,,
ACC_00047,2024-03-01,2024-03-01,2024-03-01,0.0,52000.0,54426,47359.36,47357.92,7066.639999999999,0.87,0,34,False,0,,,,,,,,,,
ACC_00047,2024-04-01,2024-04-01,2024-04-01,0.0,52000.0,52511,46031.36,53837.56,6479.639999999999,0.877,0,18,False,0,,,,,,,,,,
ACC_00047,2024-05-01,2024-05-01,2024-05-01,0.0,52000.0,52593,47985.36,58445.2,4607.639999999999,0.912,0,38,False,0,,,,,,,,,,
ACC_00047,2024-06-01,2024-06-01,2024-06-01,0.0,52000.0,52990,46115.36,65319.84,6874.639999999999,0.87,0,37,False,0,,,,,,,,,,
ACC_00047,2024-07-01,2024-07-01,2024-07-01,0.0,52000.0,52338,45101.36,72556.48,7236.639999999999,0.862,0,20,False,0,,,,,,,,,,
ACC_00047,2024-08-01,2024-08-04,2024-08-01,3.0,52000.0,53259,48563.36,77252.12,4695.639999999999,0.912,0,17,False,0,,,,,,,,,,
ACC_00047,2024-09-01,2024-09-02,2024-09-01,1.0,52000.0,52123,45526.36,83848.76,6596.639999999999,0.873,1360,22,False,0,,,,,,,,,,
ACC_00047,2024-10-01,2024-10-02,2024-10-01,1.0,51000.0,53529,46503.36,90874.4,7025.639999999999,0.869,4983,12,False,3,,,,,,,,,,
ACC_00047,2024-11-01,2024-11-05,2024-11-01,4.0,51000.0,51359,47054.36,95179.04,4304.639999999999,0.916,3911,13,False,4,,,,,,,,,,
ACC_00047,2024-12-01,2024-12-13,2024-12-01,12.0,50000.0,50948,45363.36,100763.68,5584.639999999999,0.89,4362,14,False,2,,,,,,,,,,
ACC_00048,2024-01-01,,,,,138528,72569.02,146958.97999999998,65958.98,0.524,0,32,False,0,112735.0,Stable,10.0,18801.0,Stable,627000.0,Stable,True,1816808.0,False
ACC_00048,2024-02-01,,,,,113088,69736.02,190310.96,43351.98,0.617,0,58,False,0,90121.0,Stable,7.0,19136.0,Stable,663000.0,Stable,True,1413830.0,False
ACC_00048,2024-03-01,,,,,129583,67746.02,252147.93999999997,61836.98,0.523,0,33,False,0,92415.0,Stable,9.0,32592.0,Stable,659000.0,Stable,True,1458641.0,False
ACC_00048,2024-04-01,,,,,141818,66687.02,327278.9199999999,75130.98,0.47,0,30,False,0,121381.0,Stable,8.0,18788.0,Declining,466000.0,Declining,True,1793955.0,False
ACC_00048,2024-05-01,,,,,167355,62142.02,432491.8999999999,105212.98,0.371,0,49,False,0,121847.0,Stable,8.0,44240.0,Stable,778000.0,Stable,True,1565667.0,False
ACC_00048,2024-06-01,,,,,138560,66942.02,504109.8799999999,71617.98,0.483,0,21,False,0,103984.0,Stable,6.0,26963.0,Stable,697000.0,Stable,True,1764330.0,True
ACC_00048,2024-07-01,,,,,124775,66280.02,562604.8599999999,58494.98,0.531,5186,37,False,0,101330.0,Stable,5.0,21923.0,Declining,572000.0,Declining,True,1687428.0,False
ACC_00048,2024-08-01,,,,,109055,69418.02,602241.8399999999,39636.98,0.637,5321,37,False,0,77314.0,Declining,11.0,29925.0,Declining,410000.0,Declining,True,1658768.0,False
ACC_00048,2024-09-01,,,,,103897,71111.02,635027.8199999998,32785.98,0.684,6607,5,False,3,78453.0,Declining,5.0,23218.0,Declining,359000.0,Declining,True,1404758.0,False
ACC_00048,2024-10-01,,,,,86572,67798.02,653801.7999999998,18773.98,0.783,6943,20,False,1,58347.0,Declining,1.0,23844.0,Declining,330000.0,Declining,False,1438607.0,False
ACC_00048,2024-11-01,,,,,61558,66156.02,649203.7799999998,-4598.020000000004,1.075,2649,13,False,3,49315.0,Declining,5.0,9888.0,Declining,275000.0,Declining,False,1817468.0,False
ACC_00048,2024-12-01,,,,,50078,62432.02,636849.7599999998,-12354.020000000004,1.247,1683,7,False,18,36042.0,Declining,2.0,13096.0,Declining,296000.0,Declining,False,1579008.0,True
ACC_00049,2024-01-01,2024-01-01,2024-01-01,0.0,69000.0,69219,83529.98000000001,19689.01999999999,-14310.98000000001,1.207,0,30,False,0,,,,,,,,,,
ACC_00049,2024-02-01,2024-02-01,2024-02-01,0.0,69000.0,70067,84385.98000000001,5370.039999999979,-14318.98000000001,1.204,0,24,False,0,,,,,,,,,,
ACC_00049,2024-03-01,2024-03-01,2024-03-01,0.0,69000.0,69004,83619.98000000001,0.0,-14615.98000000001,1.212,0,18,False,0,,,,,,,,,,
ACC_00049,2024-04-01,2024-04-01,2024-04-01,0.0,69000.0,71923,86467.98000000001,0.0,-14544.98000000001,1.202,0,31,False,0,,,,,,,,,,
ACC_00049,2024-05-01,2024-05-01,2024-05-01,0.0,69000.0,69374,83377.98000000001,0.0,-14003.98000000001,1.202,0,19,False,0,,,,,,,,,,
ACC_00049,2024-06-01,2024-06-01,2024-06-01,0.0,69000.0,71373,84712.98000000001,0.0,-13339.98000000001,1.187,0,16,False,0,,,,,,,,,,
ACC_00049,2024-07-01,2024-07-01,2024-07-01,0.0,69000.0,69011,85961.98000000001,0.0,-16950.98000000001,1.246,0,18,False,0,,,,,,,,,,
ACC_00049,2024-08-01,2024-08-06,2024-08-01,5.0,69000.0,70494,86910.98000000001,0.0,-16416.98000000001,1.233,0,37,False,0,,,,,,,,,,
ACC_00049,2024-09-01,2024-09-06,2024-09-01,5.0,69000.0,70106,87224.98000000001,0.0,-17118.98000000001,1.244,7585,21,False,0,,,,,,,,,,
ACC_00049,2024-10-01,2024-10-04,2024-10-01,3.0,68000.0,68952,85320.98000000001,0.0,-16368.98000000001,1.237,9878,38,False,0,,,,,,,,,,
ACC_00049,2024-11-01,2024-11-06,2024-11-01,5.0,68000.0,71255,83383.98000000001,0.0,-12128.98000000001,1.17,8935,17,False,4,,,,,,,,,,
ACC_00049,2024-12-01,2024-12-12,2024-12-01,11.0,67000.0,67626,83072.98000000001,0.0,-15446.98000000001,1.228,6485,19,False,1,,,,,,,,,,
ACC_00050,2024-01-01,2024-01-01,2024-01-01,0.0,87000.0,89240,96129.2,37110.8,-6889.199999999997,1.077,0,21,False,0,,,,,,,,,,
ACC_00050,2024-02-01,2024-02-01,2024-02-01,0.0,87000.0,88929,96425.2,29614.60000000001,-7496.199999999997,1.084,0,39,False,0,,,,,,,,,,
ACC_00050,2024-03-01,2024-03-01,2024-03-01,0.0,87000.0,88739,93143.2,25210.40000000001,-4404.199999999997,1.05,0,31,False,0,,,,,,,,,,
ACC_00050,2024-04-01,2024-04-01,2024-04-01,0.0,87000.0,89198,99111.2,15297.200000000012,-9913.199999999995,1.111,0,19,False,0,,,,,,,,,,
ACC_00050,2024-05-01,2024-05-01,2024-05-01,0.0,87000.0,87798,95917.2,7178.000000000015,-8119.199999999997,1.092,0,28,False,0,,,,,,,,,,
ACC_00050,2024-06-01,2024-06-01,2024-06-01,0.0,87000.0,89566,97635.2,0.0,-8069.199999999997,1.09,0,30,False,0,,,,,,,,,,
ACC_00050,2024-07-01,2024-07-01,2024-07-01,0.0,87000.0,89016,94846.2,0.0,-5830.199999999997,1.065,0,24,False,0,,,,,,,,,,
ACC_00050,2024-08-01,2024-08-01,2024-08-01,0.0,87000.0,90251,97747.2,0.0,-7496.199999999997,1.083,0,33,False,0,,,,,,,,,,
ACC_00050,2024-09-01,2024-09-01,2024-09-01,0.0,87000.0,89513,97244.2,0.0,-7731.199999999997,1.086,0,30,False,0,,,,,,,,,,
ACC_00050,2024-10-01,2024-10-01,2024-10-01,0.0,87000.0,87772,97248.2,0.0,-9476.199999999995,1.108,0,38,False,0,,,,,,,,,,
ACC_00050,2024-11-01,2024-11-01,2024-11-01,0.0,87000.0,90949,96115.2,0.0,-5166.199999999997,1.057,0,29,False,0,,,,,,,,,,
ACC_00050,2024-12-01,2024-12-01,2024-12-01,0.0,87000.0,89360,95407.2,0.0,-6047.199999999997,1.068,0,32,False,0,,,,,,,,,,
